id,title,old_slug,new_slug,old_es,new_es,old_en,new_en,state,body_repaired
"1000","Traslado Privado de Barcelona a Madrid | Transfer VIP con MeTransfers","por-que-elegir-traslados-para-la-operacion-salida-como-evitar-el-caos-en-el-prat-durante-el-inicio-de-vacaciones-3966","traslado-privado-de-barcelona-a-madrid","https://metransfers.es/por-que-elegir-traslados-para-la-operacion-salida-como-evitar-el-caos-en-el-prat-durante-el-inicio-de-vacaciones-3966/","https://metransfers.es/traslado-privado-de-barcelona-a-madrid/","https://metransfers.es/en/por-que-elegir-traslados-para-la-operacion-salida-como-evitar-el-caos-en-el-prat-durante-el-inicio-de-vacaciones-3966/","https://metransfers.es/en/traslado-privado-de-barcelona-a-madrid/","migrated_verified","yes"
"1001","Traslado Barcelona a Valencia en Coche Privado | MeTransfers","la-mejor-opcion-de-escapadas-de-un-dia-ruta-por-los-pueblos-blancos-de-la-costa-brava-en-transporte-privado-3753","traslado-barcelona-a-valencia-en-coche-privado","https://metransfers.es/la-mejor-opcion-de-escapadas-de-un-dia-ruta-por-los-pueblos-blancos-de-la-costa-brava-en-transporte-privado-3753/","https://metransfers.es/traslado-barcelona-a-valencia-en-coche-privado/","https://metransfers.es/en/la-mejor-opcion-de-escapadas-de-un-dia-ruta-por-los-pueblos-blancos-de-la-costa-brava-en-transporte-privado-3753/","https://metransfers.es/en/traslado-barcelona-a-valencia-en-coche-privado/","migrated_verified","no"
"1002","Transfer Privado Barcelona a Sevilla | Viaje Cómodo con Conductor","por-que-elegir-equipaje-sin-limites-por-que-la-mercedes-clase-v-es-la-mejor-opcion-para-familias-en-semana-santa-5756","transfer-privado-barcelona-a-sevilla","https://metransfers.es/por-que-elegir-equipaje-sin-limites-por-que-la-mercedes-clase-v-es-la-mejor-opcion-para-familias-en-semana-santa-5756/","https://metransfers.es/transfer-privado-barcelona-a-sevilla/","https://metransfers.es/en/por-que-elegir-equipaje-sin-limites-por-que-la-mercedes-clase-v-es-la-mejor-opcion-para-familias-en-semana-santa-5756/","https://metransfers.es/en/transfer-privado-barcelona-a-sevilla/","migrated_verified","no"
"1003","Traslado Barcelona a Málaga con Conductor Privado | MeTransfers VIP","la-mejor-opcion-de-tranquilidad-en-el-puerto-traslados-directos-para-cruceros-que-salen-de-barcelona-este-marzo-2926","traslado-barcelona-a-malaga-con-conductor-privado","https://metransfers.es/la-mejor-opcion-de-tranquilidad-en-el-puerto-traslados-directos-para-cruceros-que-salen-de-barcelona-este-marzo-2926/","https://metransfers.es/traslado-barcelona-a-malaga-con-conductor-privado/","https://metransfers.es/en/la-mejor-opcion-de-tranquilidad-en-el-puerto-traslados-directos-para-cruceros-que-salen-de-barcelona-este-marzo-2926/","https://metransfers.es/en/traslado-barcelona-a-malaga-con-conductor-privado/","migrated_verified","no"
"1004","Transfer Barcelona a Zaragoza | Traslado Privado Rápido y Cómodo","la-mejor-opcion-de-andorra-en-primavera-ultimos-dias-de-nieve-y-traslados-comodos-desde-el-aeropuerto-2319","transfer-barcelona-a-zaragoza","https://metransfers.es/la-mejor-opcion-de-andorra-en-primavera-ultimos-dias-de-nieve-y-traslados-comodos-desde-el-aeropuerto-2319/","https://metransfers.es/transfer-barcelona-a-zaragoza/","https://metransfers.es/en/la-mejor-opcion-de-andorra-en-primavera-ultimos-dias-de-nieve-y-traslados-comodos-desde-el-aeropuerto-2319/","https://metransfers.es/en/transfer-barcelona-a-zaragoza/","migrated_verified","no"
"1005","Traslado Privado Barcelona a Bilbao | Transfer País Vasco con MeTransfers","descubre-dia-del-padre-regala-una-experiencia-de-tour-privado-por-los-vinedos-del-penedes-7476","traslado-privado-barcelona-a-bilbao","https://metransfers.es/descubre-dia-del-padre-regala-una-experiencia-de-tour-privado-por-los-vinedos-del-penedes-7476/","https://metransfers.es/traslado-privado-barcelona-a-bilbao/","https://metransfers.es/en/descubre-dia-del-padre-regala-una-experiencia-de-tour-privado-por-los-vinedos-del-penedes-7476/","https://metransfers.es/en/traslado-privado-barcelona-a-bilbao/","migrated_verified","no"
"1006","Transfer Privado Barcelona a San Sebastián | Donostia con Conductor","descubre-turismo-religioso-traslados-a-montserrat-para-las-celebraciones-de-semana-santa-2318","transfer-privado-barcelona-a-san-sebastian","https://metransfers.es/descubre-turismo-religioso-traslados-a-montserrat-para-las-celebraciones-de-semana-santa-2318/","https://metransfers.es/transfer-privado-barcelona-a-san-sebastian/","https://metransfers.es/en/descubre-turismo-religioso-traslados-a-montserrat-para-las-celebraciones-de-semana-santa-2318/","https://metransfers.es/en/transfer-privado-barcelona-a-san-sebastian/","migrated_verified","no"
"1007","Traslado Barcelona a Granada | Transporte Privado a la Alhambra","la-mejor-opcion-de-barcelona-gourmet-traslados-a-los-restaurantes-mas-exclusivos-para-cenas-de-primavera-8956","traslado-barcelona-a-granada","https://metransfers.es/la-mejor-opcion-de-barcelona-gourmet-traslados-a-los-restaurantes-mas-exclusivos-para-cenas-de-primavera-8956/","https://metransfers.es/traslado-barcelona-a-granada/","https://metransfers.es/en/la-mejor-opcion-de-barcelona-gourmet-traslados-a-los-restaurantes-mas-exclusivos-para-cenas-de-primavera-8956/","https://metransfers.es/en/traslado-barcelona-a-granada/","migrated_verified","no"
"1008","Transfer Barcelona a Pamplona | Traslado Privado a los Sanfermines","guia-completa-logistica-de-maletas-servicio-de-custodia-y-traslado-de-equipaje-para-escalas-largas-en-el-prat-3561","transfer-barcelona-a-pamplona","https://metransfers.es/guia-completa-logistica-de-maletas-servicio-de-custodia-y-traslado-de-equipaje-para-escalas-largas-en-el-prat-3561/","https://metransfers.es/transfer-barcelona-a-pamplona/","https://metransfers.es/en/guia-completa-logistica-de-maletas-servicio-de-custodia-y-traslado-de-equipaje-para-escalas-largas-en-el-prat-3561/","https://metransfers.es/en/transfer-barcelona-a-pamplona/","migrated_verified","no"
"1009","Traslado Privado Barcelona a Alicante | Transfer Costa Blanca","la-mejor-opcion-de-seguridad-infantil-sillas-homologadas-y-confort-en-todos-nuestros-traslados-familiares-6210","traslado-privado-barcelona-a-alicante","https://metransfers.es/la-mejor-opcion-de-seguridad-infantil-sillas-homologadas-y-confort-en-todos-nuestros-traslados-familiares-6210/","https://metransfers.es/traslado-privado-barcelona-a-alicante/","https://metransfers.es/en/la-mejor-opcion-de-seguridad-infantil-sillas-homologadas-y-confort-en-todos-nuestros-traslados-familiares-6210/","https://metransfers.es/en/traslado-privado-barcelona-a-alicante/","migrated_verified","no"
"1010","Traslado Barcelona a Tarragona | Transfer Privado a las Ruinas Romanas","guia-completa-puntualidad-en-festivos-como-garantizamos-tu-recogida-incluso-en-dias-de-alta-demanda-8168","traslado-barcelona-a-tarragona","https://metransfers.es/guia-completa-puntualidad-en-festivos-como-garantizamos-tu-recogida-incluso-en-dias-de-alta-demanda-8168/","https://metransfers.es/traslado-barcelona-a-tarragona/","https://metransfers.es/en/guia-completa-puntualidad-en-festivos-como-garantizamos-tu-recogida-incluso-en-dias-de-alta-demanda-8168/","https://metransfers.es/en/traslado-barcelona-a-tarragona/","migrated_verified","no"
"1011","Transfer Privado Barcelona a Girona | Traslado al Aeropuerto y Ciudad","guia-completa-tour-de-gaudi-aprovecha-el-sol-de-marzo-para-visitar-la-sagrada-familia-sin-prisas-7721","transfer-privado-barcelona-a-girona","https://metransfers.es/guia-completa-tour-de-gaudi-aprovecha-el-sol-de-marzo-para-visitar-la-sagrada-familia-sin-prisas-7721/","https://metransfers.es/transfer-privado-barcelona-a-girona/","https://metransfers.es/en/guia-completa-tour-de-gaudi-aprovecha-el-sol-de-marzo-para-visitar-la-sagrada-familia-sin-prisas-7721/","https://metransfers.es/en/transfer-privado-barcelona-a-girona/","migrated_verified","no"
"1012","Traslado Privado Barcelona a Sitges | Transfer Costa Garraf Premium","guia-completa-traslados-a-sitges-disfruta-del-paseo-maritimo-con-un-chofer-a-tu-disposicion-4640","guia-completa-traslados-a-sitges-disfruta-del-paseo-maritimo-con-un-chofer-a-tu-disposicion-4640","https://metransfers.es/guia-completa-traslados-a-sitges-disfruta-del-paseo-maritimo-con-un-chofer-a-tu-disposicion-4640/","https://metransfers.es/guia-completa-traslados-a-sitges-disfruta-del-paseo-maritimo-con-un-chofer-a-tu-disposicion-4640/","https://metransfers.es/en/guia-completa-traslados-a-sitges-disfruta-del-paseo-maritimo-con-un-chofer-a-tu-disposicion-4640/","https://metransfers.es/en/guia-completa-traslados-a-sitges-disfruta-del-paseo-maritimo-con-un-chofer-a-tu-disposicion-4640/","preserved_verified","yes"
"1013","Transfer Barcelona a PortAventura | Traslado Privado al Parque","guia-completa-conexiones-interurbanas-traslados-de-barcelona-a-girona-rapidez-y-confort-4977","transfer-barcelona-a-portaventura","https://metransfers.es/guia-completa-conexiones-interurbanas-traslados-de-barcelona-a-girona-rapidez-y-confort-4977/","https://metransfers.es/transfer-barcelona-a-portaventura/","https://metransfers.es/en/guia-completa-conexiones-interurbanas-traslados-de-barcelona-a-girona-rapidez-y-confort-4977/","https://metransfers.es/en/transfer-barcelona-a-portaventura/","migrated_verified","yes"
"1014","Traslado Barcelona a Montserrat | Transfer Privado a la Montaña Sagrada","por-que-elegir-dia-mundial-del-teatro-traslados-a-los-mejores-espectaculos-del-paral-lel-8639","traslado-barcelona-a-montserrat","https://metransfers.es/por-que-elegir-dia-mundial-del-teatro-traslados-a-los-mejores-espectaculos-del-paral-lel-8639/","https://metransfers.es/traslado-barcelona-a-montserrat/","https://metransfers.es/en/por-que-elegir-dia-mundial-del-teatro-traslados-a-los-mejores-espectaculos-del-paral-lel-8639/","https://metransfers.es/en/traslado-barcelona-a-montserrat/","migrated_verified","yes"
"1015","Transfer Privado Barcelona a Costa Dorada | Traslado a las Mejores Playas","guia-completa-cambio-de-hora-como-ajustamos-nuestros-sistemas-para-que-tu-chofer-siempre-este-a-tiempo-1305","transfer-privado-barcelona-a-costa-dorada","https://metransfers.es/guia-completa-cambio-de-hora-como-ajustamos-nuestros-sistemas-para-que-tu-chofer-siempre-este-a-tiempo-1305/","https://metransfers.es/transfer-privado-barcelona-a-costa-dorada/","https://metransfers.es/en/guia-completa-cambio-de-hora-como-ajustamos-nuestros-sistemas-para-que-tu-chofer-siempre-este-a-tiempo-1305/","https://metransfers.es/en/transfer-privado-barcelona-a-costa-dorada/","migrated_verified","no"
"1016","Traslado Barcelona a Costa Brava | Transfer Privado a las Calas del Mediterráneo","guia-completa-primavera-de-negocios-la-importancia-de-un-chofer-privado-para-ejecutivos-en-abril-6512","traslado-barcelona-a-costa-brava","https://metransfers.es/guia-completa-primavera-de-negocios-la-importancia-de-un-chofer-privado-para-ejecutivos-en-abril-6512/","https://metransfers.es/traslado-barcelona-a-costa-brava/","https://metransfers.es/en/guia-completa-primavera-de-negocios-la-importancia-de-un-chofer-privado-para-ejecutivos-en-abril-6512/","https://metransfers.es/en/traslado-barcelona-a-costa-brava/","migrated_verified","no"
"1017","Transfer Privado Barcelona a Andorra | Traslado Puerta a Puerta al Principado","guia-completa-traslados-al-mwc-post-analisis-lecciones-de-movilidad-aprendidas-para-el-proximo-ano-3634","transfer-privado-barcelona-a-andorra","https://metransfers.es/guia-completa-traslados-al-mwc-post-analisis-lecciones-de-movilidad-aprendidas-para-el-proximo-ano-3634/","https://metransfers.es/transfer-privado-barcelona-a-andorra/","https://metransfers.es/en/guia-completa-traslados-al-mwc-post-analisis-lecciones-de-movilidad-aprendidas-para-el-proximo-ano-3634/","https://metransfers.es/en/transfer-privado-barcelona-a-andorra/","migrated_verified","yes"
"1018","Traslado Barcelona a Lloret de Mar | Transfer Privado Costa Brava","guia-completa-barcelona-open-banc-sabadell-traslados-exclusivos-al-real-club-de-tenis-barcelona-9443","traslado-barcelona-a-lloret-de-mar","https://metransfers.es/guia-completa-barcelona-open-banc-sabadell-traslados-exclusivos-al-real-club-de-tenis-barcelona-9443/","https://metransfers.es/traslado-barcelona-a-lloret-de-mar/","https://metransfers.es/en/guia-completa-barcelona-open-banc-sabadell-traslados-exclusivos-al-real-club-de-tenis-barcelona-9443/","https://metransfers.es/en/traslado-barcelona-a-lloret-de-mar/","migrated_verified","no"
"1019","Transfer Barcelona a Cadaqués | Traslado Privado al Pueblo de Dalí","guia-completa-logistica-para-congresos-como-coordinamos-flotas-para-eventos-medicos-en-la-fira-9648","transfer-barcelona-a-cadaques","https://metransfers.es/guia-completa-logistica-para-congresos-como-coordinamos-flotas-para-eventos-medicos-en-la-fira-9648/","https://metransfers.es/transfer-barcelona-a-cadaques/","https://metransfers.es/en/guia-completa-logistica-para-congresos-como-coordinamos-flotas-para-eventos-medicos-en-la-fira-9648/","https://metransfers.es/en/transfer-barcelona-a-cadaques/","migrated_verified","yes"
"1020","Traslado Privado Barcelona a Figueres | Transfer al Museo Dalí","la-mejor-opcion-de-dia-mundial-de-la-salud-traslados-medicos-privados-con-total-discrecion-4870","traslado-privado-barcelona-a-figueres","https://metransfers.es/la-mejor-opcion-de-dia-mundial-de-la-salud-traslados-medicos-privados-con-total-discrecion-4870/","https://metransfers.es/traslado-privado-barcelona-a-figueres/","https://metransfers.es/en/la-mejor-opcion-de-dia-mundial-de-la-salud-traslados-medicos-privados-con-total-discrecion-4870/","https://metransfers.es/en/traslado-privado-barcelona-a-figueres/","migrated_verified","yes"
"1021","Transfer Barcelona a Reus | Traslado Privado al Aeropuerto de Reus","guia-completa-shopping-tour-visita-a-la-roca-village-con-chofer-privado-y-espacio-para-todas-tus-compras-1963","transfer-barcelona-a-reus","https://metransfers.es/guia-completa-shopping-tour-visita-a-la-roca-village-con-chofer-privado-y-espacio-para-todas-tus-compras-1963/","https://metransfers.es/transfer-barcelona-a-reus/","https://metransfers.es/en/guia-completa-shopping-tour-visita-a-la-roca-village-con-chofer-privado-y-espacio-para-todas-tus-compras-1963/","https://metransfers.es/en/transfer-barcelona-a-reus/","migrated_verified","yes"
"1022","Traslado Privado Barcelona a Lleida | Transfer Capital del Segriá","la-mejor-opcion-de-ruta-del-romanico-descubre-el-vall-de-boi-con-un-traslado-de-larga-distancia-8497","traslado-privado-barcelona-a-lleida","https://metransfers.es/la-mejor-opcion-de-ruta-del-romanico-descubre-el-vall-de-boi-con-un-traslado-de-larga-distancia-8497/","https://metransfers.es/traslado-privado-barcelona-a-lleida/","https://metransfers.es/en/la-mejor-opcion-de-ruta-del-romanico-descubre-el-vall-de-boi-con-un-traslado-de-larga-distancia-8497/","https://metransfers.es/en/traslado-privado-barcelona-a-lleida/","migrated_verified","no"
"1023","Transfer Privado Barcelona a Blanes | Traslado a la Puerta de la Costa Brava","la-mejor-opcion-de-barcelona-desde-el-aire-traslados-combinados-con-tours-en-helicoptero-3169","transfer-privado-barcelona-a-blanes","https://metransfers.es/la-mejor-opcion-de-barcelona-desde-el-aire-traslados-combinados-con-tours-en-helicoptero-3169/","https://metransfers.es/transfer-privado-barcelona-a-blanes/","https://metransfers.es/en/la-mejor-opcion-de-barcelona-desde-el-aire-traslados-combinados-con-tours-en-helicoptero-3169/","https://metransfers.es/en/transfer-privado-barcelona-a-blanes/","migrated_verified","no"
"1024","Traslado Barcelona a Tossa de Mar | Transfer Privado a la Villa Amurallada","por-que-elegir-atencion-24-7-por-que-nuestro-soporte-humano-marca-la-diferencia-frente-a-las-apps-4655","traslado-barcelona-a-tossa-de-mar","https://metransfers.es/por-que-elegir-atencion-24-7-por-que-nuestro-soporte-humano-marca-la-diferencia-frente-a-las-apps-4655/","https://metransfers.es/traslado-barcelona-a-tossa-de-mar/","https://metransfers.es/en/por-que-elegir-atencion-24-7-por-que-nuestro-soporte-humano-marca-la-diferencia-frente-a-las-apps-4655/","https://metransfers.es/en/traslado-barcelona-a-tossa-de-mar/","migrated_verified","no"
"1025","Transfer Barcelona a Perpiñán | Traslado Privado a Francia por La Jonquera","guia-completa-viajes-con-mascotas-traslados-pet-friendly-en-barcelona-viaja-con-tu-mejor-amigo-7127","transfer-barcelona-a-perpinan","https://metransfers.es/guia-completa-viajes-con-mascotas-traslados-pet-friendly-en-barcelona-viaja-con-tu-mejor-amigo-7127/","https://metransfers.es/transfer-barcelona-a-perpinan/","https://metransfers.es/en/guia-completa-viajes-con-mascotas-traslados-pet-friendly-en-barcelona-viaja-con-tu-mejor-amigo-7127/","https://metransfers.es/en/transfer-barcelona-a-perpinan/","migrated_verified","no"
"1026","Traslado Privado Barcelona a Montpellier | Transfer al Sur de Francia","descubre-traslados-a-la-costa-daurada-preparate-para-el-sol-de-abril-en-salou-y-cambrils-9672","traslado-privado-barcelona-a-montpellier","https://metransfers.es/descubre-traslados-a-la-costa-daurada-preparate-para-el-sol-de-abril-en-salou-y-cambrils-9672/","https://metransfers.es/traslado-privado-barcelona-a-montpellier/","https://metransfers.es/en/descubre-traslados-a-la-costa-daurada-preparate-para-el-sol-de-abril-en-salou-y-cambrils-9672/","https://metransfers.es/en/traslado-privado-barcelona-a-montpellier/","migrated_verified","no"
"1027","Transfer Privado Barcelona a Niza | Traslado a la Costa Azul","guia-completa-dia-de-las-americas-conectando-a-viajeros-internacionales-con-el-centro-de-barcelona-3798","transfer-privado-barcelona-a-niza","https://metransfers.es/guia-completa-dia-de-las-americas-conectando-a-viajeros-internacionales-con-el-centro-de-barcelona-3798/","https://metransfers.es/transfer-privado-barcelona-a-niza/","https://metransfers.es/en/guia-completa-dia-de-las-americas-conectando-a-viajeros-internacionales-con-el-centro-de-barcelona-3798/","https://metransfers.es/en/transfer-privado-barcelona-a-niza/","migrated_verified","no"
"1028","Traslado Privado Barcelona a Marsella | Transfer a la Ciudad Fócida","todo-lo-que-debes-saber-sobre-turismo-sostenible-nuestra-flota-hibrida-y-el-compromiso-con-el-medio-ambiente-8123","traslado-privado-barcelona-a-marsella","https://metransfers.es/todo-lo-que-debes-saber-sobre-turismo-sostenible-nuestra-flota-hibrida-y-el-compromiso-con-el-medio-ambiente-8123/","https://metransfers.es/traslado-privado-barcelona-a-marsella/","https://metransfers.es/en/todo-lo-que-debes-saber-sobre-turismo-sostenible-nuestra-flota-hibrida-y-el-compromiso-con-el-medio-ambiente-8123/","https://metransfers.es/en/traslado-privado-barcelona-a-marsella/","migrated_verified","no"
"1029","Transfer Barcelona a Lyon | Traslado Privado a la Capital Gastronómica de Francia","por-que-elegir-barcelona-de-noche-seguridad-y-estilo-para-tus-regresos-de-madrugada-7703","transfer-barcelona-a-lyon","https://metransfers.es/por-que-elegir-barcelona-de-noche-seguridad-y-estilo-para-tus-regresos-de-madrugada-7703/","https://metransfers.es/transfer-barcelona-a-lyon/","https://metransfers.es/en/por-que-elegir-barcelona-de-noche-seguridad-y-estilo-para-tus-regresos-de-madrugada-7703/","https://metransfers.es/en/transfer-barcelona-a-lyon/","migrated_verified","no"
"1030","Traslado Privado Barcelona a Lisboa | Transfer Puerta a Puerta Portugal","todo-lo-que-debes-saber-sobre-traslados-vip-al-circuito-de-catalunya-preparate-para-la-velocidad-con-metransfers-2702","traslado-privado-barcelona-a-lisboa","https://metransfers.es/todo-lo-que-debes-saber-sobre-traslados-vip-al-circuito-de-catalunya-preparate-para-la-velocidad-con-metransfers-2702/","https://metransfers.es/traslado-privado-barcelona-a-lisboa/","https://metransfers.es/en/todo-lo-que-debes-saber-sobre-traslados-vip-al-circuito-de-catalunya-preparate-para-la-velocidad-con-metransfers-2702/","https://metransfers.es/en/traslado-privado-barcelona-a-lisboa/","migrated_verified","no"
"1031","Transfer Privado Barcelona a Oporto | Traslado al Corazón de Portugal","descubre-visita-a-tarragona-historia-romana-a-solo-un-traslado-de-distancia-7775","transfer-privado-barcelona-a-oporto","https://metransfers.es/descubre-visita-a-tarragona-historia-romana-a-solo-un-traslado-de-distancia-7775/","https://metransfers.es/transfer-privado-barcelona-a-oporto/","https://metransfers.es/en/descubre-visita-a-tarragona-historia-romana-a-solo-un-traslado-de-distancia-7775/","https://metransfers.es/en/transfer-privado-barcelona-a-oporto/","migrated_verified","no"
"1032","Traslado Barcelona a Mónaco | Transfer Privado al Principado del Lujo","la-mejor-opcion-de-eficiencia-en-el-aeropuerto-el-punto-de-encuentro-exacto-para-evitar-esperas-1705","traslado-barcelona-a-monaco","https://metransfers.es/la-mejor-opcion-de-eficiencia-en-el-aeropuerto-el-punto-de-encuentro-exacto-para-evitar-esperas-1705/","https://metransfers.es/traslado-barcelona-a-monaco/","https://metransfers.es/en/la-mejor-opcion-de-eficiencia-en-el-aeropuerto-el-punto-de-encuentro-exacto-para-evitar-esperas-1705/","https://metransfers.es/en/traslado-barcelona-a-monaco/","migrated_verified","no"
"1033","Transfer Privado Barcelona a Milán | Traslado Internacional a Italia","guia-completa-viajes-de-lujo-que-esperar-de-nuestra-categoria-premium-en-traslados-largos-9022","transfer-privado-barcelona-a-milan","https://metransfers.es/guia-completa-viajes-de-lujo-que-esperar-de-nuestra-categoria-premium-en-traslados-largos-9022/","https://metransfers.es/transfer-privado-barcelona-a-milan/","https://metransfers.es/en/guia-completa-viajes-de-lujo-que-esperar-de-nuestra-categoria-premium-en-traslados-largos-9022/","https://metransfers.es/en/transfer-privado-barcelona-a-milan/","migrated_verified","no"
"1034","Traslado Privado Barcelona a Ginebra | Transfer a Suiza con Conductor","guia-completa-dia-de-la-tierra-optimizando-rutas-para-reducir-emisiones-en-la-ciudad-4054","traslado-privado-barcelona-a-ginebra","https://metransfers.es/guia-completa-dia-de-la-tierra-optimizando-rutas-para-reducir-emisiones-en-la-ciudad-4054/","https://metransfers.es/traslado-privado-barcelona-a-ginebra/","https://metransfers.es/en/guia-completa-dia-de-la-tierra-optimizando-rutas-para-reducir-emisiones-en-la-ciudad-4054/","https://metransfers.es/en/traslado-privado-barcelona-a-ginebra/","migrated_verified","no"
"1035","Transfer Privado Barcelona a Toulouse | Traslado a la Ciudad Rosa","guia-completa-especial-sant-jordi-traslados-romanticos-por-una-barcelona-llena-de-rosas-y-libros-6588","transfer-privado-barcelona-a-toulouse","https://metransfers.es/guia-completa-especial-sant-jordi-traslados-romanticos-por-una-barcelona-llena-de-rosas-y-libros-6588/","https://metransfers.es/transfer-privado-barcelona-a-toulouse/","https://metransfers.es/en/guia-completa-especial-sant-jordi-traslados-romanticos-por-una-barcelona-llena-de-rosas-y-libros-6588/","https://metransfers.es/en/transfer-privado-barcelona-a-toulouse/","migrated_verified","no"
"1036","Traslado Privado Barcelona a Burdeos | Transfer al Corazón del Vino Francés","guia-completa-logistica-de-libros-como-ayudamos-a-editoriales-con-traslados-rapidos-durante-sant-jordi-5693","traslado-privado-barcelona-a-burdeos","https://metransfers.es/guia-completa-logistica-de-libros-como-ayudamos-a-editoriales-con-traslados-rapidos-durante-sant-jordi-5693/","https://metransfers.es/traslado-privado-barcelona-a-burdeos/","https://metransfers.es/en/guia-completa-logistica-de-libros-como-ayudamos-a-editoriales-con-traslados-rapidos-durante-sant-jordi-5693/","https://metransfers.es/en/traslado-privado-barcelona-a-burdeos/","migrated_verified","no"
"1037","Transfer Privado Barcelona a Múnich | Traslado Internacional a Baviera","guia-completa-escapada-a-figueres-tras-el-rastro-de-dali-en-un-tour-privado-de-un-dia-4572","transfer-privado-barcelona-a-munich","https://metransfers.es/guia-completa-escapada-a-figueres-tras-el-rastro-de-dali-en-un-tour-privado-de-un-dia-4572/","https://metransfers.es/transfer-privado-barcelona-a-munich/","https://metransfers.es/en/guia-completa-escapada-a-figueres-tras-el-rastro-de-dali-en-un-tour-privado-de-un-dia-4572/","https://metransfers.es/en/transfer-privado-barcelona-a-munich/","migrated_verified","yes"
"1038","Traslado Privado Aeropuerto El Prat a Barcelona | Transfer Premium","descubre-conductor-por-horas-la-libertad-de-cambiar-de-planes-sin-preocuparte-por-el-parking-9588","traslado-privado-aeropuerto-el-prat-a-barcelona","https://metransfers.es/descubre-conductor-por-horas-la-libertad-de-cambiar-de-planes-sin-preocuparte-por-el-parking-9588/","https://metransfers.es/traslado-privado-aeropuerto-el-prat-a-barcelona/","https://metransfers.es/en/descubre-conductor-por-horas-la-libertad-de-cambiar-de-planes-sin-preocuparte-por-el-parking-9588/","https://metransfers.es/en/traslado-privado-aeropuerto-el-prat-a-barcelona/","migrated_verified","yes"
"1039","Transfer Privado Puerto de Cruceros Barcelona | Traslado VIP desde el Muelle","por-que-elegir-traslados-a-montserrat-consejos-para-evitar-las-multitudes-en-primavera-7237","transfer-privado-puerto-de-cruceros-barcelona","https://metransfers.es/por-que-elegir-traslados-a-montserrat-consejos-para-evitar-las-multitudes-en-primavera-7237/","https://metransfers.es/transfer-privado-puerto-de-cruceros-barcelona/","https://metransfers.es/en/por-que-elegir-traslados-a-montserrat-consejos-para-evitar-las-multitudes-en-primavera-7237/","https://metransfers.es/en/transfer-privado-puerto-de-cruceros-barcelona/","migrated_verified","yes"
"1040","Conductor por Horas en Barcelona | Servicio de Chófer Privado a tu Disposición","descubre-dia-de-la-virgen-de-montserrat-guia-de-traslados-a-la-moreneta-5412","conductor-por-horas-en-barcelona","https://metransfers.es/descubre-dia-de-la-virgen-de-montserrat-guia-de-traslados-a-la-moreneta-5412/","https://metransfers.es/conductor-por-horas-en-barcelona/","https://metransfers.es/en/descubre-dia-de-la-virgen-de-montserrat-guia-de-traslados-a-la-moreneta-5412/","https://metransfers.es/en/conductor-por-horas-en-barcelona/","migrated_verified","no"
"1041","Tour Privado Gaudí en Barcelona | Excursión en Coche con Conductor","descubre-protocolo-vip-formacion-de-nuestros-conductores-en-atencion-al-cliente-de-alto-nivel-2270","tour-privado-gaudi-en-barcelona","https://metransfers.es/descubre-protocolo-vip-formacion-de-nuestros-conductores-en-atencion-al-cliente-de-alto-nivel-2270/","https://metransfers.es/tour-privado-gaudi-en-barcelona/","https://metransfers.es/en/descubre-protocolo-vip-formacion-de-nuestros-conductores-en-atencion-al-cliente-de-alto-nivel-2270/","https://metransfers.es/en/tour-privado-gaudi-en-barcelona/","migrated_verified","yes"
"1042","Tour Panorámico Barcelona en Coche Privado | Las Mejores Vistas con MeTransfers","descubre-traslados-a-cadaques-la-guia-definitiva-para-el-viaje-mas-pintoresco-de-catalunya-6468","tour-panoramico-barcelona-en-coche-privado","https://metransfers.es/descubre-traslados-a-cadaques-la-guia-definitiva-para-el-viaje-mas-pintoresco-de-catalunya-6468/","https://metransfers.es/tour-panoramico-barcelona-en-coche-privado/","https://metransfers.es/en/descubre-traslados-a-cadaques-la-guia-definitiva-para-el-viaje-mas-pintoresco-de-catalunya-6468/","https://metransfers.es/en/tour-panoramico-barcelona-en-coche-privado/","migrated_verified","no"
"1043","Traslado Privado Barcelona a Penedès | Tour del Vino y Cava en Coche","guia-completa-gastronomia-de-abril-traslados-a-las-mejores-calcotades-de-la-temporada-6972","traslado-privado-barcelona-a-penedes","https://metransfers.es/guia-completa-gastronomia-de-abril-traslados-a-las-mejores-calcotades-de-la-temporada-6972/","https://metransfers.es/traslado-privado-barcelona-a-penedes/","https://metransfers.es/en/guia-completa-gastronomia-de-abril-traslados-a-las-mejores-calcotades-de-la-temporada-6972/","https://metransfers.es/en/traslado-privado-barcelona-a-penedes/","migrated_verified","no"
"1044","Transfer Privado Barcelona a Puigcerdà | Traslado a La Cerdanya y los Pirineos","todo-lo-que-debes-saber-sobre-barcelona-para-seniors-comodidad-y-accesibilidad-en-todos-nuestros-vehiculos-9650","transfer-privado-barcelona-a-puigcerda","https://metransfers.es/todo-lo-que-debes-saber-sobre-barcelona-para-seniors-comodidad-y-accesibilidad-en-todos-nuestros-vehiculos-9650/","https://metransfers.es/transfer-privado-barcelona-a-puigcerda/","https://metransfers.es/en/todo-lo-que-debes-saber-sobre-barcelona-para-seniors-comodidad-y-accesibilidad-en-todos-nuestros-vehiculos-9650/","https://metransfers.es/en/transfer-privado-barcelona-a-puigcerda/","migrated_verified","yes"
"1045","Traslado Privado Barcelona a La Molina | Transfer a la Estación de Esquí","guia-completa-facturacion-para-empresas-simplifica-tus-gastos-de-movilidad-con-merchan-dev-5166","traslado-privado-barcelona-a-la-molina","https://metransfers.es/guia-completa-facturacion-para-empresas-simplifica-tus-gastos-de-movilidad-con-merchan-dev-5166/","https://metransfers.es/traslado-privado-barcelona-a-la-molina/","https://metransfers.es/en/guia-completa-facturacion-para-empresas-simplifica-tus-gastos-de-movilidad-con-merchan-dev-5166/","https://metransfers.es/en/traslado-privado-barcelona-a-la-molina/","migrated_verified","no"
"1046","Transfer Barcelona a San Sebastián (Donostia) | Traslado a la Perla del Cantábrico","la-mejor-opcion-de-dia-del-trabajador-disponibilidad-total-de-nuestra-flota-en-dias-festivos-9236","transfer-barcelona-a-san-sebastian-donostia","https://metransfers.es/la-mejor-opcion-de-dia-del-trabajador-disponibilidad-total-de-nuestra-flota-en-dias-festivos-9236/","https://metransfers.es/transfer-barcelona-a-san-sebastian-donostia/","https://metransfers.es/en/la-mejor-opcion-de-dia-del-trabajador-disponibilidad-total-de-nuestra-flota-en-dias-festivos-9236/","https://metransfers.es/en/transfer-barcelona-a-san-sebastian-donostia/","migrated_verified","no"
"1047","Traslado Privado Barcelona a Córdoba | Transfer a la Ciudad de la Mezquita","guia-completa-girona-temps-de-flors-traslados-exclusivos-para-ver-la-ciudad-de-las-flores-9982","traslado-privado-barcelona-a-cordoba","https://metransfers.es/guia-completa-girona-temps-de-flors-traslados-exclusivos-para-ver-la-ciudad-de-las-flores-9982/","https://metransfers.es/traslado-privado-barcelona-a-cordoba/","https://metransfers.es/en/guia-completa-girona-temps-de-flors-traslados-exclusivos-para-ver-la-ciudad-de-las-flores-9982/","https://metransfers.es/en/traslado-privado-barcelona-a-cordoba/","migrated_verified","no"
"1048","Transfer Barcelona a Toledo | Traslado Privado a la Ciudad Imperial","la-mejor-opcion-de-preparativos-de-verano-reserva-tu-traslado-ahora-y-asegura-el-mejor-precio-para-julio-1970","transfer-barcelona-a-toledo","https://metransfers.es/la-mejor-opcion-de-preparativos-de-verano-reserva-tu-traslado-ahora-y-asegura-el-mejor-precio-para-julio-1970/","https://metransfers.es/transfer-barcelona-a-toledo/","https://metransfers.es/en/la-mejor-opcion-de-preparativos-de-verano-reserva-tu-traslado-ahora-y-asegura-el-mejor-precio-para-julio-1970/","https://metransfers.es/en/transfer-barcelona-a-toledo/","migrated_verified","no"
"1049","Traslado Barcelona a La Costa del Sol | Transfer Privado a Marbella y Estepona","guia-completa-star-wars-day-tours-galacticos-por-la-arquitectura-moderna-de-barcelona-8795","traslado-barcelona-a-la-costa-del-sol","https://metransfers.es/guia-completa-star-wars-day-tours-galacticos-por-la-arquitectura-moderna-de-barcelona-8795/","https://metransfers.es/traslado-barcelona-a-la-costa-del-sol/","https://metransfers.es/en/guia-completa-star-wars-day-tours-galacticos-por-la-arquitectura-moderna-de-barcelona-8795/","https://metransfers.es/en/traslado-barcelona-a-la-costa-del-sol/","migrated_verified","no"
"1050","Transfer Privado Barcelona a Delta del Ebro | Traslado a la Naturaleza","todo-lo-que-debes-saber-sobre-traslados-al-aeropuerto-de-reus-ampliamos-nuestras-rutas-para-tu-comodidad-6244","transfer-privado-barcelona-a-delta-del-ebro","https://metransfers.es/todo-lo-que-debes-saber-sobre-traslados-al-aeropuerto-de-reus-ampliamos-nuestras-rutas-para-tu-comodidad-6244/","https://metransfers.es/transfer-privado-barcelona-a-delta-del-ebro/","https://metransfers.es/en/todo-lo-que-debes-saber-sobre-traslados-al-aeropuerto-de-reus-ampliamos-nuestras-rutas-para-tu-comodidad-6244/","https://metransfers.es/en/transfer-privado-barcelona-a-delta-del-ebro/","migrated_verified","no"
"1051","Traslado Privado Barcelona a Begur | Transfer a las Mejores Calas","guia-completa-eventos-corporativos-como-organizar-traslados-para-cenas-de-empresa-en-el-port-olimpic-2849","traslado-privado-barcelona-a-begur","https://metransfers.es/guia-completa-eventos-corporativos-como-organizar-traslados-para-cenas-de-empresa-en-el-port-olimpic-2849/","https://metransfers.es/traslado-privado-barcelona-a-begur/","https://metransfers.es/en/guia-completa-eventos-corporativos-como-organizar-traslados-para-cenas-de-empresa-en-el-port-olimpic-2849/","https://metransfers.es/en/traslado-privado-barcelona-a-begur/","migrated_verified","yes"
"1052","Transfer Privado Barcelona a Palafrugell | Traslado al Corazón del Baix Empordà","guia-completa-dia-de-europa-conectando-las-principales-capitales-desde-el-prat-1999","transfer-privado-barcelona-a-palafrugell","https://metransfers.es/guia-completa-dia-de-europa-conectando-las-principales-capitales-desde-el-prat-1999/","https://metransfers.es/transfer-privado-barcelona-a-palafrugell/","https://metransfers.es/en/guia-completa-dia-de-europa-conectando-las-principales-capitales-desde-el-prat-1999/","https://metransfers.es/en/transfer-privado-barcelona-a-palafrugell/","migrated_verified","no"
"1053","Traslado Privado Barcelona a L&#8217;Estartit | Transfer a las Islas Medes","por-que-elegir-turismo-de-cruceros-calendario-de-llegadas-al-puerto-de-barcelona-para-mayo-6450","traslado-privado-barcelona-a-lestartit","https://metransfers.es/por-que-elegir-turismo-de-cruceros-calendario-de-llegadas-al-puerto-de-barcelona-para-mayo-6450/","https://metransfers.es/traslado-privado-barcelona-a-lestartit/","https://metransfers.es/en/por-que-elegir-turismo-de-cruceros-calendario-de-llegadas-al-puerto-de-barcelona-para-mayo-6450/","https://metransfers.es/en/traslado-privado-barcelona-a-lestartit/","migrated_verified","no"
"1054","Transfer Barcelona a Empuriabrava | Traslado a la Venecia Catalana","la-mejor-opcion-de-la-importancia-de-la-puntualidad-en-lunes-como-vencemos-el-trafico-matutino-9176","transfer-barcelona-a-empuriabrava","https://metransfers.es/la-mejor-opcion-de-la-importancia-de-la-puntualidad-en-lunes-como-vencemos-el-trafico-matutino-9176/","https://metransfers.es/transfer-barcelona-a-empuriabrava/","https://metransfers.es/en/la-mejor-opcion-de-la-importancia-de-la-puntualidad-en-lunes-como-vencemos-el-trafico-matutino-9176/","https://metransfers.es/en/transfer-barcelona-a-empuriabrava/","migrated_verified","no"
"1055","Traslado Privado Barcelona a Roses | Transfer al Paraíso del Alt Empordà","la-mejor-opcion-de-los-mejores-hoteles-con-terraza-en-barcelona-te-llevamos-al-afterwork-perfecto-6085","traslado-privado-barcelona-a-roses","https://metransfers.es/la-mejor-opcion-de-los-mejores-hoteles-con-terraza-en-barcelona-te-llevamos-al-afterwork-perfecto-6085/","https://metransfers.es/traslado-privado-barcelona-a-roses/","https://metransfers.es/en/la-mejor-opcion-de-los-mejores-hoteles-con-terraza-en-barcelona-te-llevamos-al-afterwork-perfecto-6085/","https://metransfers.es/en/traslado-privado-barcelona-a-roses/","migrated_verified","no"
"1056","Transfer Barcelona a L&#8217;Escala | Traslado a las Ruinas de Empúries","descubre-dia-de-san-isidro-traslados-a-eventos-culturales-y-verbenas-locales-7969","transfer-barcelona-a-lescala","https://metransfers.es/descubre-dia-de-san-isidro-traslados-a-eventos-culturales-y-verbenas-locales-7969/","https://metransfers.es/transfer-barcelona-a-lescala/","https://metransfers.es/en/descubre-dia-de-san-isidro-traslados-a-eventos-culturales-y-verbenas-locales-7969/","https://metransfers.es/en/transfer-barcelona-a-lescala/","migrated_verified","no"
"18057","Traslado Privado Barcelona a Palamós | Transfer a la Capital de la Gamba","descubre-descubre-la-historia-y-las-obras-maestras-del-museo-picasso-en-barcelona-6111","traslado-privado-barcelona-a-palamos","https://metransfers.es/descubre-descubre-la-historia-y-las-obras-maestras-del-museo-picasso-en-barcelona-6111/","https://metransfers.es/traslado-privado-barcelona-a-palamos/","https://metransfers.es/en/descubre-descubre-la-historia-y-las-obras-maestras-del-museo-picasso-en-barcelona-6111/","https://metransfers.es/en/traslado-privado-barcelona-a-palamos/","migrated_verified","yes"
"18188","Transfer Barcelona a Sant Feliu de Guíxols | Traslado a la Costa Brava del Modernismo","descubre-transfer-privado-a-andorra-una-experiencia-de-lujo-para-explorar-los-encantos-de-este-hermoso-pais-9778","transfer-barcelona-a-sant-feliu-de-guixols","https://metransfers.es/descubre-transfer-privado-a-andorra-una-experiencia-de-lujo-para-explorar-los-encantos-de-este-hermoso-pais-9778/","https://metransfers.es/transfer-barcelona-a-sant-feliu-de-guixols/","https://metransfers.es/en/descubre-transfer-privado-a-andorra-una-experiencia-de-lujo-para-explorar-los-encantos-de-este-hermoso-pais-9778/","https://metransfers.es/en/transfer-barcelona-a-sant-feliu-de-guixols/","migrated_verified","yes"
"20093","Traslado Privado Barcelona a Platja d&#8217;Aro | Transfer a la Costa Brava Elegante","por-que-elegir-explorando-figueres-dali-y-las-joyas-de-la-costa-brava-8023","traslado-privado-barcelona-a-platja-daro","https://metransfers.es/por-que-elegir-explorando-figueres-dali-y-las-joyas-de-la-costa-brava-8023/","https://metransfers.es/traslado-privado-barcelona-a-platja-daro/","https://metransfers.es/en/por-que-elegir-explorando-figueres-dali-y-las-joyas-de-la-costa-brava-8023/","https://metransfers.es/en/traslado-privado-barcelona-a-platja-daro/","migrated_verified","no"
"21070","Transfer Privado Barcelona a Tortosa | Traslado a las Tierras del Ebro","la-mejor-opcion-de-madrid-y-sus-encantos-9666","transfer-privado-barcelona-a-tortosa","https://metransfers.es/la-mejor-opcion-de-madrid-y-sus-encantos-9666/","https://metransfers.es/transfer-privado-barcelona-a-tortosa/","https://metransfers.es/en/la-mejor-opcion-de-madrid-y-sus-encantos-9666/","https://metransfers.es/en/transfer-privado-barcelona-a-tortosa/","migrated_verified","no"
"21246","Traslado Privado Barcelona a Montblanc | Transfer a la Vila Medieval i Poblet","todo-lo-que-debes-saber-sobre-lonjas-de-pescado-en-la-costa-de-cataluna-8116","traslado-privado-barcelona-a-montblanc","https://metransfers.es/todo-lo-que-debes-saber-sobre-lonjas-de-pescado-en-la-costa-de-cataluna-8116/","https://metransfers.es/traslado-privado-barcelona-a-montblanc/","https://metransfers.es/en/todo-lo-que-debes-saber-sobre-lonjas-de-pescado-en-la-costa-de-cataluna-8116/","https://metransfers.es/en/traslado-privado-barcelona-a-montblanc/","migrated_verified","no"
"22055","Transfer Privado Barcelona a Mataró | Traslado al Maresme","guia-completa-la-costa-dorada-6859","transfer-privado-barcelona-a-mataro","https://metransfers.es/guia-completa-la-costa-dorada-6859/","https://metransfers.es/transfer-privado-barcelona-a-mataro/","https://metransfers.es/en/guia-completa-la-costa-dorada-6859/","https://metransfers.es/en/transfer-privado-barcelona-a-mataro/","migrated_verified","no"
"24131","Traslado Privado Barcelona a Vic | Transfer a la Capital de Osona","la-mejor-opcion-de-que-ver-en-montserrat-3789","traslado-privado-barcelona-a-vic","https://metransfers.es/la-mejor-opcion-de-que-ver-en-montserrat-3789/","https://metransfers.es/traslado-privado-barcelona-a-vic/","https://metransfers.es/en/la-mejor-opcion-de-que-ver-en-montserrat-3789/","https://metransfers.es/en/traslado-privado-barcelona-a-vic/","migrated_verified","yes"
"27037","Transfer Privado Barcelona a Berga | Traslado a los Pirineos Menores","por-que-elegir-top-5-destinos-de-nieve-para-una-escapada-vip-desde-barcelona-con-metransfers-2703","transfer-privado-barcelona-a-berga","https://metransfers.es/por-que-elegir-top-5-destinos-de-nieve-para-una-escapada-vip-desde-barcelona-con-metransfers-2703/","https://metransfers.es/transfer-privado-barcelona-a-berga/","https://metransfers.es/en/por-que-elegir-top-5-destinos-de-nieve-para-una-escapada-vip-desde-barcelona-con-metransfers-2703/","https://metransfers.es/en/transfer-privado-barcelona-a-berga/","migrated_verified","no"
"27219","Traslado Privado Barcelona a Manresa | Transfer a la Ciudad de Sant Ignasi","la-mejor-opcion-de-traslados-privados-de-barcelona-a-lloret-de-mar-tu-guia-completa-con-metransfers-3415","traslado-privado-barcelona-a-manresa","https://metransfers.es/la-mejor-opcion-de-traslados-privados-de-barcelona-a-lloret-de-mar-tu-guia-completa-con-metransfers-3415/","https://metransfers.es/traslado-privado-barcelona-a-manresa/","https://metransfers.es/en/la-mejor-opcion-de-traslados-privados-de-barcelona-a-lloret-de-mar-tu-guia-completa-con-metransfers-3415/","https://metransfers.es/en/traslado-privado-barcelona-a-manresa/","migrated_verified","no"
"27253","Transfer Privado Barcelona a Terrassa | Traslado al Museo de la Ciencia y la Técnica","descubre-traslados-privados-de-barcelona-a-madrid-viaja-con-total-comodidad-y-exclusividad-1064","transfer-privado-barcelona-a-terrassa","https://metransfers.es/descubre-traslados-privados-de-barcelona-a-madrid-viaja-con-total-comodidad-y-exclusividad-1064/","https://metransfers.es/transfer-privado-barcelona-a-terrassa/","https://metransfers.es/en/descubre-traslados-privados-de-barcelona-a-madrid-viaja-con-total-comodidad-y-exclusividad-1064/","https://metransfers.es/en/transfer-privado-barcelona-a-terrassa/","migrated_verified","yes"
"27276","Traslado Privado Barcelona a Sabadell | Transfer Ejecutivo a la Ciudad del Arte","por-que-elegir-el-camp-nou-y-el-sentimiento-cule-una-pasion-que-cruza-fronteras-con-metransfers-3757","traslado-privado-barcelona-a-sabadell","https://metransfers.es/por-que-elegir-el-camp-nou-y-el-sentimiento-cule-una-pasion-que-cruza-fronteras-con-metransfers-3757/","https://metransfers.es/traslado-privado-barcelona-a-sabadell/","https://metransfers.es/en/por-que-elegir-el-camp-nou-y-el-sentimiento-cule-una-pasion-que-cruza-fronteras-con-metransfers-3757/","https://metransfers.es/en/traslado-privado-barcelona-a-sabadell/","migrated_verified","yes"
"27301","Transfer Privado Barcelona a Igualada | Traslado a la Anoia","guia-completa-consejos-imprescindibles-para-tu-llegada-al-aeropuerto-de-barcelona-guia-practica-3553","transfer-privado-barcelona-a-igualada","https://metransfers.es/guia-completa-consejos-imprescindibles-para-tu-llegada-al-aeropuerto-de-barcelona-guia-practica-3553/","https://metransfers.es/transfer-privado-barcelona-a-igualada/","https://metransfers.es/en/guia-completa-consejos-imprescindibles-para-tu-llegada-al-aeropuerto-de-barcelona-guia-practica-3553/","https://metransfers.es/en/transfer-privado-barcelona-a-igualada/","migrated_verified","no"
"27321","Traslado Privado Barcelona a Granollers | Transfer al Vallès Oriental","guia-completa-5-razones-para-elegir-un-traslado-privado-en-tu-proxima-visita-a-barcelona-8049","traslado-privado-barcelona-a-granollers","https://metransfers.es/guia-completa-5-razones-para-elegir-un-traslado-privado-en-tu-proxima-visita-a-barcelona-8049/","https://metransfers.es/traslado-privado-barcelona-a-granollers/","https://metransfers.es/en/guia-completa-5-razones-para-elegir-un-traslado-privado-en-tu-proxima-visita-a-barcelona-8049/","https://metransfers.es/en/traslado-privado-barcelona-a-granollers/","migrated_verified","no"
"27345","Transfer Privado Barcelona a Martorell | Traslado al Baix Llobregat","guia-completa-traslados-puerta-a-puerta-la-forma-mas-segura-de-viajar-por-espana-8798","transfer-privado-barcelona-a-martorell","https://metransfers.es/guia-completa-traslados-puerta-a-puerta-la-forma-mas-segura-de-viajar-por-espana-8798/","https://metransfers.es/transfer-privado-barcelona-a-martorell/","https://metransfers.es/en/guia-completa-traslados-puerta-a-puerta-la-forma-mas-segura-de-viajar-por-espana-8798/","https://metransfers.es/en/transfer-privado-barcelona-a-martorell/","migrated_verified","yes"
"27360","Traslado Privado Barcelona a Peñíscola | Transfer al Castillo del Papa Luna","descubre-de-barcelona-a-andorra-tu-traslado-directo-a-la-nieve-3872","traslado-privado-barcelona-a-peniscola","https://metransfers.es/descubre-de-barcelona-a-andorra-tu-traslado-directo-a-la-nieve-3872/","https://metransfers.es/traslado-privado-barcelona-a-peniscola/","https://metransfers.es/en/descubre-de-barcelona-a-andorra-tu-traslado-directo-a-la-nieve-3872/","https://metransfers.es/en/traslado-privado-barcelona-a-peniscola/","migrated_verified","yes"
"27442","Transfer Privado Barcelona a Castellón | Traslado a la Plana de l&#8217;Arc","descubre-el-placer-de-la-carretera-tu-traslado-privado-de-barcelona-a-lloret-de-mar-9454","transfer-privado-barcelona-a-castellon","https://metransfers.es/descubre-el-placer-de-la-carretera-tu-traslado-privado-de-barcelona-a-lloret-de-mar-9454/","https://metransfers.es/transfer-privado-barcelona-a-castellon/","https://metransfers.es/en/descubre-el-placer-de-la-carretera-tu-traslado-privado-de-barcelona-a-lloret-de-mar-9454/","https://metransfers.es/en/transfer-privado-barcelona-a-castellon/","migrated_verified","yes"
"27457","Traslado Privado Barcelona a Murcia | Transfer al Jardín de Europa","todo-lo-que-debes-saber-sobre-5-iconos-de-lloret-de-mar-que-no-te-puedes-perder-8933","traslado-privado-barcelona-a-murcia","https://metransfers.es/todo-lo-que-debes-saber-sobre-5-iconos-de-lloret-de-mar-que-no-te-puedes-perder-8933/","https://metransfers.es/traslado-privado-barcelona-a-murcia/","https://metransfers.es/en/todo-lo-que-debes-saber-sobre-5-iconos-de-lloret-de-mar-que-no-te-puedes-perder-8933/","https://metransfers.es/en/traslado-privado-barcelona-a-murcia/","migrated_verified","no"
"27465","Transfer Privado Barcelona a Cartagena | Traslado a la Ciudad Romana del Mediterráneo","guia-completa-de-villa-de-pescadores-a-icono-mundial-la-historia-completa-de-lloret-de-mar-4850","transfer-privado-barcelona-a-cartagena","https://metransfers.es/guia-completa-de-villa-de-pescadores-a-icono-mundial-la-historia-completa-de-lloret-de-mar-4850/","https://metransfers.es/transfer-privado-barcelona-a-cartagena/","https://metransfers.es/en/guia-completa-de-villa-de-pescadores-a-icono-mundial-la-historia-completa-de-lloret-de-mar-4850/","https://metransfers.es/en/transfer-privado-barcelona-a-cartagena/","migrated_verified","yes"
"27516","Traslado Privado Barcelona a Benidorm | Transfer a la Playa del Mediterráneo","la-mejor-opcion-de-por-que-elegir-metransfers-tu-puerta-de-entrada-a-toda-espana-con-el-maximo-confort-8245","traslado-privado-barcelona-a-benidorm","https://metransfers.es/la-mejor-opcion-de-por-que-elegir-metransfers-tu-puerta-de-entrada-a-toda-espana-con-el-maximo-confort-8245/","https://metransfers.es/traslado-privado-barcelona-a-benidorm/","https://metransfers.es/en/la-mejor-opcion-de-por-que-elegir-metransfers-tu-puerta-de-entrada-a-toda-espana-con-el-maximo-confort-8245/","https://metransfers.es/en/traslado-privado-barcelona-a-benidorm/","migrated_verified","no"
"27519","Transfer Privado Barcelona a Andorra | Esquí y Compras Duty Free con MeTransfers","por-que-elegir-mas-que-un-taxi-5-ventajas-de-elegir-un-transporte-privado-desde-barcelona-para-viajar-por-espana-9507","transfer-privado-barcelona-a-andorra-esqui-compras-duty-free","https://metransfers.es/por-que-elegir-mas-que-un-taxi-5-ventajas-de-elegir-un-transporte-privado-desde-barcelona-para-viajar-por-espana-9507/","https://metransfers.es/transfer-privado-barcelona-a-andorra-esqui-compras-duty-free/","https://metransfers.es/en/por-que-elegir-mas-que-un-taxi-5-ventajas-de-elegir-un-transporte-privado-desde-barcelona-para-viajar-por-espana-9507/","https://metransfers.es/en/transfer-privado-barcelona-a-andorra-esqui-compras-duty-free/","migrated_verified","no"
"27522","Traslado Privado Barcelona a Biarritz | Transfer al País Vasco Francés","guia-completa-transporte-privado-para-el-mobile-world-congress-2026-guia-para-ejecutivos-6784","traslado-privado-barcelona-a-biarritz","https://metransfers.es/guia-completa-transporte-privado-para-el-mobile-world-congress-2026-guia-para-ejecutivos-6784/","https://metransfers.es/traslado-privado-barcelona-a-biarritz/","https://metransfers.es/en/guia-completa-transporte-privado-para-el-mobile-world-congress-2026-guia-para-ejecutivos-6784/","https://metransfers.es/en/traslado-privado-barcelona-a-biarritz/","migrated_verified","no"
"27525","Transfer Privado Barcelona a Carcasona | Traslado a la Ciudad Medieval Amurallada","descubre-como-ir-del-aeropuerto-de-bcn-a-portaventura-comparativa-de-opciones-7898","transfer-privado-barcelona-a-carcasona","https://metransfers.es/descubre-como-ir-del-aeropuerto-de-bcn-a-portaventura-comparativa-de-opciones-7898/","https://metransfers.es/transfer-privado-barcelona-a-carcasona/","https://metransfers.es/en/descubre-como-ir-del-aeropuerto-de-bcn-a-portaventura-comparativa-de-opciones-7898/","https://metransfers.es/en/transfer-privado-barcelona-a-carcasona/","migrated_verified","no"
"27530","Traslado Barcelona a Andorra &#8211; Guía Completa para Viajar con Coche Español","todo-lo-que-debes-saber-sobre-transporte-en-barcelona-para-grupos-grandes-y-equipaje-extra-la-solucion-mercedes-clase-v-2755","traslado-barcelona-a-andorra-guia-completa-para-viajar-con-coche-espanol","https://metransfers.es/todo-lo-que-debes-saber-sobre-transporte-en-barcelona-para-grupos-grandes-y-equipaje-extra-la-solucion-mercedes-clase-v-2755/","https://metransfers.es/traslado-barcelona-a-andorra-guia-completa-para-viajar-con-coche-espanol/","https://metransfers.es/en/todo-lo-que-debes-saber-sobre-transporte-en-barcelona-para-grupos-grandes-y-equipaje-extra-la-solucion-mercedes-clase-v-2755/","https://metransfers.es/en/traslado-barcelona-a-andorra-guia-completa-para-viajar-con-coche-espanol/","migrated_verified","no"
"27536","Transfer Privado Barcelona a París | Traslado de Larga Distancia a la Ciudad de la Luz","por-que-elegir-los-5-mejores-restaurantes-con-estrella-michelin-en-barcelona-llega-con-estilo-1633","transfer-privado-barcelona-a-paris","https://metransfers.es/por-que-elegir-los-5-mejores-restaurantes-con-estrella-michelin-en-barcelona-llega-con-estilo-1633/","https://metransfers.es/transfer-privado-barcelona-a-paris/","https://metransfers.es/en/por-que-elegir-los-5-mejores-restaurantes-con-estrella-michelin-en-barcelona-llega-con-estilo-1633/","https://metransfers.es/en/transfer-privado-barcelona-a-paris/","migrated_verified","no"
"27586","Traslado Barcelona a San Sebastián | Tour Gastronómico Privado País Vasco","la-mejor-opcion-de-mejores-empresas-de-traslados-en-barcelona-y-espana-top-10-ranking-2026-3795","traslado-barcelona-a-san-sebastian","https://metransfers.es/la-mejor-opcion-de-mejores-empresas-de-traslados-en-barcelona-y-espana-top-10-ranking-2026-3795/","https://metransfers.es/traslado-barcelona-a-san-sebastian/","https://metransfers.es/en/la-mejor-opcion-de-mejores-empresas-de-traslados-en-barcelona-y-espana-top-10-ranking-2026-3795/","https://metransfers.es/en/traslado-barcelona-a-san-sebastian/","migrated_verified","yes"
"27622","Guía Completa: Viajar en Coche desde España a Europa con Documentos Españoles","descubre-de-barcelona-a-san-sebastian-guia-para-el-traslado-perfecto-1015","guia-completa-viajar-en-coche-desde-espana-a-europa-con-documentos-espanoles","https://metransfers.es/descubre-de-barcelona-a-san-sebastian-guia-para-el-traslado-perfecto-1015/","https://metransfers.es/guia-completa-viajar-en-coche-desde-espana-a-europa-con-documentos-espanoles/","https://metransfers.es/en/descubre-de-barcelona-a-san-sebastian-guia-para-el-traslado-perfecto-1015/","https://metransfers.es/en/guia-completa-viajar-en-coche-desde-espana-a-europa-con-documentos-espanoles/","migrated_verified","yes"
"27627","Traslado VIP Barcelona | Servicio Ejecutivo de Lujo con MeTransfers","todo-lo-que-debes-saber-sobre-barcelona-a-cadaques-la-guia-definitiva-para-un-traslado-sin-estres-8325","traslado-vip-barcelona","https://metransfers.es/todo-lo-que-debes-saber-sobre-barcelona-a-cadaques-la-guia-definitiva-para-un-traslado-sin-estres-8325/","https://metransfers.es/traslado-vip-barcelona/","https://metransfers.es/en/todo-lo-que-debes-saber-sobre-barcelona-a-cadaques-la-guia-definitiva-para-un-traslado-sin-estres-8325/","https://metransfers.es/en/traslado-vip-barcelona/","migrated_verified","no"
"27631","Transfer para Grupos Barcelona | Furgonetas Mercedes Clase V hasta 7 Personas","guia-completa-traslado-de-barcelona-a-reus-comodidad-y-puntualidad-en-cada-kilometro-5250","transfer-para-grupos-barcelona","https://metransfers.es/guia-completa-traslado-de-barcelona-a-reus-comodidad-y-puntualidad-en-cada-kilometro-5250/","https://metransfers.es/transfer-para-grupos-barcelona/","https://metransfers.es/en/guia-completa-traslado-de-barcelona-a-reus-comodidad-y-puntualidad-en-cada-kilometro-5250/","https://metransfers.es/en/transfer-para-grupos-barcelona/","migrated_verified","no"
"27634","Traslado Privado Barcelona a Génova | Transfer a Italia por la Costa Azul","guia-completa-private-transfer-barcelona-a-girona-la-forma-mas-exclusiva-de-viajar-9673","traslado-privado-barcelona-a-genova","https://metransfers.es/guia-completa-private-transfer-barcelona-a-girona-la-forma-mas-exclusiva-de-viajar-9673/","https://metransfers.es/traslado-privado-barcelona-a-genova/","https://metransfers.es/en/guia-completa-private-transfer-barcelona-a-girona-la-forma-mas-exclusiva-de-viajar-9673/","https://metransfers.es/en/traslado-privado-barcelona-a-genova/","migrated_verified","no"
"27637","Transfer Privado Barcelona a Turín | Traslado a la Capital del Piamonte","todo-lo-que-debes-saber-sobre-aerolineas-que-operan-en-girona-guia-completa-y-mejores-opciones-de-traslado-4137","transfer-privado-barcelona-a-turin","https://metransfers.es/todo-lo-que-debes-saber-sobre-aerolineas-que-operan-en-girona-guia-completa-y-mejores-opciones-de-traslado-4137/","https://metransfers.es/transfer-privado-barcelona-a-turin/","https://metransfers.es/en/todo-lo-que-debes-saber-sobre-aerolineas-que-operan-en-girona-guia-completa-y-mejores-opciones-de-traslado-4137/","https://metransfers.es/en/transfer-privado-barcelona-a-turin/","migrated_verified","no"
"27640","Traslado Privado Barcelona a Zúrich | Transfer a la Ciudad Financiera de Suiza","guia-completa-guia-paso-a-paso-como-recuperar-el-iva-tax-free-en-el-aeropuerto-de-barcelona-7480","traslado-privado-barcelona-a-zurich","https://metransfers.es/guia-completa-guia-paso-a-paso-como-recuperar-el-iva-tax-free-en-el-aeropuerto-de-barcelona-7480/","https://metransfers.es/traslado-privado-barcelona-a-zurich/","https://metransfers.es/en/guia-completa-guia-paso-a-paso-como-recuperar-el-iva-tax-free-en-el-aeropuerto-de-barcelona-7480/","https://metransfers.es/en/traslado-privado-barcelona-a-zurich/","migrated_verified","no"
"27643","Transfer Privado Barcelona a Basilea | Traslado al Cruce de Tres Países","todo-lo-que-debes-saber-sobre-transporte-ejecutivo-en-el-mobile-world-congress-2026-excelencia-en-movilidad-privada-en-barcelona-8458","transfer-privado-barcelona-a-basilea","https://metransfers.es/todo-lo-que-debes-saber-sobre-transporte-ejecutivo-en-el-mobile-world-congress-2026-excelencia-en-movilidad-privada-en-barcelona-8458/","https://metransfers.es/transfer-privado-barcelona-a-basilea/","https://metransfers.es/en/todo-lo-que-debes-saber-sobre-transporte-ejecutivo-en-el-mobile-world-congress-2026-excelencia-en-movilidad-privada-en-barcelona-8458/","https://metransfers.es/en/transfer-privado-barcelona-a-basilea/","migrated_verified","yes"
"27648","Traslado Privado Barcelona a Luxemburgo | Transfer al Corazón de Europa","la-mejor-opcion-de-domine-el-mobile-world-congress-2026-la-estrategia-de-movilidad-que-define-su-exito-en-barcelona-1172","traslado-privado-barcelona-a-luxemburgo","https://metransfers.es/la-mejor-opcion-de-domine-el-mobile-world-congress-2026-la-estrategia-de-movilidad-que-define-su-exito-en-barcelona-1172/","https://metransfers.es/traslado-privado-barcelona-a-luxemburgo/","https://metransfers.es/en/la-mejor-opcion-de-domine-el-mobile-world-congress-2026-la-estrategia-de-movilidad-que-define-su-exito-en-barcelona-1172/","https://metransfers.es/en/traslado-privado-barcelona-a-luxemburgo/","migrated_verified","no"
"27653","Transfer Privado Barcelona a Bruselas | Traslado a la Capital de Europa","guia-completa-por-que-metransfers-es-la-mejor-opcion-para-tus-traslados-en-barcelona-50-razones-que-marcan-la-diferencia-8089","transfer-privado-barcelona-a-bruselas","https://metransfers.es/guia-completa-por-que-metransfers-es-la-mejor-opcion-para-tus-traslados-en-barcelona-50-razones-que-marcan-la-diferencia-8089/","https://metransfers.es/transfer-privado-barcelona-a-bruselas/","https://metransfers.es/en/guia-completa-por-que-metransfers-es-la-mejor-opcion-para-tus-traslados-en-barcelona-50-razones-que-marcan-la-diferencia-8089/","https://metransfers.es/en/transfer-privado-barcelona-a-bruselas/","migrated_verified","no"
"27656","Traslado Privado Barcelona a Fráncfort | Transfer al Centro Financiero de Alemania","guia-completa-como-reservar-un-transfer-en-barcelona-en-menos-de-2-minutos-la-guia-rapida-de-metransfers-2235","traslado-privado-barcelona-a-francfort","https://metransfers.es/guia-completa-como-reservar-un-transfer-en-barcelona-en-menos-de-2-minutos-la-guia-rapida-de-metransfers-2235/","https://metransfers.es/traslado-privado-barcelona-a-francfort/","https://metransfers.es/en/guia-completa-como-reservar-un-transfer-en-barcelona-en-menos-de-2-minutos-la-guia-rapida-de-metransfers-2235/","https://metransfers.es/en/traslado-privado-barcelona-a-francfort/","migrated_verified","yes"
"27662","Transfer Privado Barcelona a Stuttgart | Traslado a la Ciudad del Automóvil","todo-lo-que-debes-saber-sobre-tour-en-barcelona-excursion-privada-de-1-dia-personalizada-por-la-bcn-1789","transfer-privado-barcelona-a-stuttgart","https://metransfers.es/todo-lo-que-debes-saber-sobre-tour-en-barcelona-excursion-privada-de-1-dia-personalizada-por-la-bcn-1789/","https://metransfers.es/transfer-privado-barcelona-a-stuttgart/","https://metransfers.es/en/todo-lo-que-debes-saber-sobre-tour-en-barcelona-excursion-privada-de-1-dia-personalizada-por-la-bcn-1789/","https://metransfers.es/en/transfer-privado-barcelona-a-stuttgart/","migrated_verified","no"
"27801","Traslado Ejecutivo Barcelona | Corporate Transfer para Empresas con MeTransfers","por-que-elegir-como-disenar-tu-excursion-privada-de-1-dia-por-barcelona-con-metransfers-4151","traslado-ejecutivo-barcelona","https://metransfers.es/por-que-elegir-como-disenar-tu-excursion-privada-de-1-dia-por-barcelona-con-metransfers-4151/","https://metransfers.es/traslado-ejecutivo-barcelona/","https://metransfers.es/en/por-que-elegir-como-disenar-tu-excursion-privada-de-1-dia-por-barcelona-con-metransfers-4151/","https://metransfers.es/en/traslado-ejecutivo-barcelona/","migrated_verified","no"
"27804","Transfer Aeropuerto El Prat | Recogida VIP con Seguimiento de Vuelo en Tiempo Real","guia-completa-chofer-a-disposicion-por-horas-en-barcelona-que-es-y-como-aprovecharlo-al-maximo-2053","transfer-aeropuerto-el-prat","https://metransfers.es/guia-completa-chofer-a-disposicion-por-horas-en-barcelona-que-es-y-como-aprovecharlo-al-maximo-2053/","https://metransfers.es/transfer-aeropuerto-el-prat/","https://metransfers.es/en/guia-completa-chofer-a-disposicion-por-horas-en-barcelona-que-es-y-como-aprovecharlo-al-maximo-2053/","https://metransfers.es/en/transfer-aeropuerto-el-prat/","migrated_verified","no"
"27807","Traslado Privado Barcelona a Huesca | Transfer a los Pirineos Aragoneses","guia-completa-tour-panoramico-por-barcelona-las-mejores-vistas-sin-bajar-de-tu-coche-privado-5711","traslado-privado-barcelona-a-huesca","https://metransfers.es/guia-completa-tour-panoramico-por-barcelona-las-mejores-vistas-sin-bajar-de-tu-coche-privado-5711/","https://metransfers.es/traslado-privado-barcelona-a-huesca/","https://metransfers.es/en/guia-completa-tour-panoramico-por-barcelona-las-mejores-vistas-sin-bajar-de-tu-coche-privado-5711/","https://metransfers.es/en/traslado-privado-barcelona-a-huesca/","migrated_verified","yes"
"27810","Transfer Privado Barcelona a Benasque | Traslado al Valle más Bonito del Pirineo","descubre-barcelona-en-4-6-u-8-horas-elige-el-tour-en-coche-a-tu-medida-4144","transfer-privado-barcelona-a-benasque","https://metransfers.es/descubre-barcelona-en-4-6-u-8-horas-elige-el-tour-en-coche-a-tu-medida-4144/","https://metransfers.es/transfer-privado-barcelona-a-benasque/","https://metransfers.es/en/descubre-barcelona-en-4-6-u-8-horas-elige-el-tour-en-coche-a-tu-medida-4144/","https://metransfers.es/en/transfer-privado-barcelona-a-benasque/","migrated_verified","no"
"27813","Traslado Privado Barcelona a Teruel | Transfer a la Ciudad del Amor Modernista","guia-completa-excursion-de-1-dia-por-la-barcelona-de-gaudi-de-monumento-a-monumento-con-chofer-puerta-a-puerta-2706","traslado-privado-barcelona-a-teruel","https://metransfers.es/guia-completa-excursion-de-1-dia-por-la-barcelona-de-gaudi-de-monumento-a-monumento-con-chofer-puerta-a-puerta-2706/","https://metransfers.es/traslado-privado-barcelona-a-teruel/","https://metransfers.es/en/guia-completa-excursion-de-1-dia-por-la-barcelona-de-gaudi-de-monumento-a-monumento-con-chofer-puerta-a-puerta-2706/","https://metransfers.es/en/traslado-privado-barcelona-a-teruel/","migrated_verified","no"
"27815","Transfer Privado Barcelona a Salamanca | Traslado a la Ciudad Dorada","guia-completa-conoce-nuestra-flota-los-vehiculos-de-alta-gama-para-tus-tours-por-barcelona-5020","transfer-privado-barcelona-a-salamanca","https://metransfers.es/guia-completa-conoce-nuestra-flota-los-vehiculos-de-alta-gama-para-tus-tours-por-barcelona-5020/","https://metransfers.es/transfer-privado-barcelona-a-salamanca/","https://metransfers.es/en/guia-completa-conoce-nuestra-flota-los-vehiculos-de-alta-gama-para-tus-tours-por-barcelona-5020/","https://metransfers.es/en/transfer-privado-barcelona-a-salamanca/","migrated_verified","yes"
"27817","Traslado Privado Barcelona a Valladolid | Transfer a la Capital del Renacimiento","la-mejor-opcion-de-la-ventaja-de-un-conductor-local-rutas-sin-trafico-y-puntualidad-en-tu-tour-6197","traslado-privado-barcelona-a-valladolid","https://metransfers.es/la-mejor-opcion-de-la-ventaja-de-un-conductor-local-rutas-sin-trafico-y-puntualidad-en-tu-tour-6197/","https://metransfers.es/traslado-privado-barcelona-a-valladolid/","https://metransfers.es/en/la-mejor-opcion-de-la-ventaja-de-un-conductor-local-rutas-sin-trafico-y-puntualidad-en-tu-tour-6197/","https://metransfers.es/en/traslado-privado-barcelona-a-valladolid/","migrated_verified","no"
"27819","Transfer Privado Barcelona a Santander | Traslado a la Perla del Cantábrico","la-mejor-opcion-de-precios-cerrados-en-tus-tours-por-barcelona-viaja-sin-taximetros-ni-sorpresas-9609","transfer-privado-barcelona-a-santander","https://metransfers.es/la-mejor-opcion-de-precios-cerrados-en-tus-tours-por-barcelona-viaja-sin-taximetros-ni-sorpresas-9609/","https://metransfers.es/transfer-privado-barcelona-a-santander/","https://metransfers.es/en/la-mejor-opcion-de-precios-cerrados-en-tus-tours-por-barcelona-viaja-sin-taximetros-ni-sorpresas-9609/","https://metransfers.es/en/transfer-privado-barcelona-a-santander/","migrated_verified","no"
"27821","Traslado Privado Barcelona a La Rioja | Tour de Vinos con Conductor","descubre-excursion-privada-a-montserrat-desde-bcn-el-viaje-mas-comodo-hasta-la-montana-3857","traslado-privado-barcelona-a-la-rioja","https://metransfers.es/descubre-excursion-privada-a-montserrat-desde-bcn-el-viaje-mas-comodo-hasta-la-montana-3857/","https://metransfers.es/traslado-privado-barcelona-a-la-rioja/","https://metransfers.es/en/descubre-excursion-privada-a-montserrat-desde-bcn-el-viaje-mas-comodo-hasta-la-montana-3857/","https://metransfers.es/en/traslado-privado-barcelona-a-la-rioja/","migrated_verified","no"
"27824","Transfer Privado Barcelona a Pamplona | San Fermín y la Tradición Vasca","la-mejor-opcion-de-ruta-en-coche-de-1-dia-por-la-costa-brava-tu-eliges-los-pueblos-nosotros-conducimos-1787","transfer-privado-barcelona-a-pamplona","https://metransfers.es/la-mejor-opcion-de-ruta-en-coche-de-1-dia-por-la-costa-brava-tu-eliges-los-pueblos-nosotros-conducimos-1787/","https://metransfers.es/transfer-privado-barcelona-a-pamplona/","https://metransfers.es/en/la-mejor-opcion-de-ruta-en-coche-de-1-dia-por-la-costa-brava-tu-eliges-los-pueblos-nosotros-conducimos-1787/","https://metransfers.es/en/transfer-privado-barcelona-a-pamplona/","migrated_verified","no"
"27826","Traslado Privado Barcelona a Oviedo | Transfer a la Capital del Asturiano","la-mejor-opcion-de-traslado-y-tour-de-un-dia-a-girona-transporte-exclusivo-desde-la-puerta-de-tu-hotel-6831","traslado-privado-barcelona-a-oviedo","https://metransfers.es/la-mejor-opcion-de-traslado-y-tour-de-un-dia-a-girona-transporte-exclusivo-desde-la-puerta-de-tu-hotel-6831/","https://metransfers.es/traslado-privado-barcelona-a-oviedo/","https://metransfers.es/en/la-mejor-opcion-de-traslado-y-tour-de-un-dia-a-girona-transporte-exclusivo-desde-la-puerta-de-tu-hotel-6831/","https://metransfers.es/en/traslado-privado-barcelona-a-oviedo/","migrated_verified","yes"
"27828","Transfer Privado Barcelona a Santiago de Compostela | Traslado a la Ciudad Santa","guia-completa-de-barcelona-a-sitges-transporte-privado-para-una-escapada-perfecta-de-un-dia-8383","transfer-privado-barcelona-a-santiago-de-compostela","https://metransfers.es/guia-completa-de-barcelona-a-sitges-transporte-privado-para-una-escapada-perfecta-de-un-dia-8383/","https://metransfers.es/transfer-privado-barcelona-a-santiago-de-compostela/","https://metransfers.es/en/guia-completa-de-barcelona-a-sitges-transporte-privado-para-una-escapada-perfecta-de-un-dia-8383/","https://metransfers.es/en/transfer-privado-barcelona-a-santiago-de-compostela/","migrated_verified","no"
"27830","Traslado Privado Barcelona a Palma | Transfer hasta el Puerto para Viajar a Mallorca","todo-lo-que-debes-saber-sobre-ruta-por-el-penedes-visita-las-bodegas-con-un-chofer-privado-y-disfruta-sin-preocuparte-por-conducir-2990","traslado-privado-barcelona-a-palma","https://metransfers.es/todo-lo-que-debes-saber-sobre-ruta-por-el-penedes-visita-las-bodegas-con-un-chofer-privado-y-disfruta-sin-preocuparte-por-conducir-2990/","https://metransfers.es/traslado-privado-barcelona-a-palma/","https://metransfers.es/en/todo-lo-que-debes-saber-sobre-ruta-por-el-penedes-visita-las-bodegas-con-un-chofer-privado-y-disfruta-sin-preocuparte-por-conducir-2990/","https://metransfers.es/en/traslado-privado-barcelona-a-palma/","migrated_verified","no"
"27832","Transfer Privado Barcelona a Andorra para Spa | Caldea y Relax en el Principado","guia-completa-excursion-a-figueres-en-coche-privado-la-forma-mas-directa-de-llegar-al-museo-dali-5752","transfer-privado-barcelona-a-andorra-para-spa","https://metransfers.es/guia-completa-excursion-a-figueres-en-coche-privado-la-forma-mas-directa-de-llegar-al-museo-dali-5752/","https://metransfers.es/transfer-privado-barcelona-a-andorra-para-spa/","https://metransfers.es/en/guia-completa-excursion-a-figueres-en-coche-privado-la-forma-mas-directa-de-llegar-al-museo-dali-5752/","https://metransfers.es/en/transfer-privado-barcelona-a-andorra-para-spa/","migrated_verified","no"
"27834","Guía de Traslados desde Barcelona a Francia | Todo lo que Necesitas Saber","descubre-ruta-de-los-pueblos-medievales-de-cataluna-tu-itinerario-personalizado-en-vehiculo-privado-4534","guia-de-traslados-desde-barcelona-a-francia","https://metransfers.es/descubre-ruta-de-los-pueblos-medievales-de-cataluna-tu-itinerario-personalizado-en-vehiculo-privado-4534/","https://metransfers.es/guia-de-traslados-desde-barcelona-a-francia/","https://metransfers.es/en/descubre-ruta-de-los-pueblos-medievales-de-cataluna-tu-itinerario-personalizado-en-vehiculo-privado-4534/","https://metransfers.es/en/guia-de-traslados-desde-barcelona-a-francia/","migrated_verified","no"
"27836","Traslado Privado Barcelona a Portugal | Guía para Cruzar la Frontera con Coche Español","la-mejor-opcion-de-excursiones-de-un-dia-para-grupos-de-hasta-7-personas-todos-juntos-en-un-solo-vehiculo-5779","traslado-privado-barcelona-a-portugal","https://metransfers.es/la-mejor-opcion-de-excursiones-de-un-dia-para-grupos-de-hasta-7-personas-todos-juntos-en-un-solo-vehiculo-5779/","https://metransfers.es/traslado-privado-barcelona-a-portugal/","https://metransfers.es/en/la-mejor-opcion-de-excursiones-de-un-dia-para-grupos-de-hasta-7-personas-todos-juntos-en-un-solo-vehiculo-5779/","https://metransfers.es/en/traslado-privado-barcelona-a-portugal/","migrated_verified","yes"
"27838","Transfer Privado Barcelona a Narbona | Traslado a la Ciudad Romana Francesa","descubre-mucho-equipaje-cero-problemas-traslados-espaciosos-para-cruceristas-y-familias-3761","transfer-privado-barcelona-a-narbona","https://metransfers.es/descubre-mucho-equipaje-cero-problemas-traslados-espaciosos-para-cruceristas-y-familias-3761/","https://metransfers.es/transfer-privado-barcelona-a-narbona/","https://metransfers.es/en/descubre-mucho-equipaje-cero-problemas-traslados-espaciosos-para-cruceristas-y-familias-3761/","https://metransfers.es/en/transfer-privado-barcelona-a-narbona/","migrated_verified","no"
"27855","Traslado Privado Barcelona a Avignon | Transfer a la Ciudad de los Papas","la-mejor-opcion-de-recogida-vip-en-el-aeropuerto-del-prat-que-pasa-cuando-tu-chofer-te-espera-con-un-cartel-5880","traslado-privado-barcelona-a-avignon","https://metransfers.es/la-mejor-opcion-de-recogida-vip-en-el-aeropuerto-del-prat-que-pasa-cuando-tu-chofer-te-espera-con-un-cartel-5880/","https://metransfers.es/traslado-privado-barcelona-a-avignon/","https://metransfers.es/en/la-mejor-opcion-de-recogida-vip-en-el-aeropuerto-del-prat-que-pasa-cuando-tu-chofer-te-espera-con-un-cartel-5880/","https://metransfers.es/en/traslado-privado-barcelona-a-avignon/","migrated_verified","no"
"27858","Transfer Privado Barcelona a Nimes | Traslado a la Ciudad Romana de la Provenza","la-mejor-opcion-de-movilidad-para-congresos-en-barcelona-traslados-directos-del-aeropuerto-a-fira-barcelona-o-tu-hotel-9579","transfer-privado-barcelona-a-nimes","https://metransfers.es/la-mejor-opcion-de-movilidad-para-congresos-en-barcelona-traslados-directos-del-aeropuerto-a-fira-barcelona-o-tu-hotel-9579/","https://metransfers.es/transfer-privado-barcelona-a-nimes/","https://metransfers.es/en/la-mejor-opcion-de-movilidad-para-congresos-en-barcelona-traslados-directos-del-aeropuerto-a-fira-barcelona-o-tu-hotel-9579/","https://metransfers.es/en/transfer-privado-barcelona-a-nimes/","migrated_verified","no"
"27861","Traslado Privado Barcelona a Lourdes | Transfer al Santuario de Peregrinación","descubre-transporte-ejecutivo-en-barcelona-vehiculos-oscuros-discrecion-y-maxima-puntualidad-1999","traslado-privado-barcelona-a-lourdes","https://metransfers.es/descubre-transporte-ejecutivo-en-barcelona-vehiculos-oscuros-discrecion-y-maxima-puntualidad-1999/","https://metransfers.es/traslado-privado-barcelona-a-lourdes/","https://metransfers.es/en/descubre-transporte-ejecutivo-en-barcelona-vehiculos-oscuros-discrecion-y-maxima-puntualidad-1999/","https://metransfers.es/en/traslado-privado-barcelona-a-lourdes/","migrated_verified","no"
"27864","Transfer Privado Barcelona a Albi | Traslado a la Ciudad del Toulouse-Lautrec","la-mejor-opcion-de-roadshows-financieros-y-de-negocios-optimiza-tus-reuniones-en-barcelona-con-un-chofer-a-disposicion-3489","transfer-privado-barcelona-a-albi","https://metransfers.es/la-mejor-opcion-de-roadshows-financieros-y-de-negocios-optimiza-tus-reuniones-en-barcelona-con-un-chofer-a-disposicion-3489/","https://metransfers.es/transfer-privado-barcelona-a-albi/","https://metransfers.es/en/la-mejor-opcion-de-roadshows-financieros-y-de-negocios-optimiza-tus-reuniones-en-barcelona-con-un-chofer-a-disposicion-3489/","https://metransfers.es/en/transfer-privado-barcelona-a-albi/","migrated_verified","yes"
"27867","Traslado Privado Barcelona a Montserrat para Grupos | Tour VIP con Furgoneta","guia-completa-traslados-para-eventos-nocturnos-o-cenas-de-gala-en-barcelona-llega-con-estilo-y-regresa-con-seguridad-1826","traslado-privado-barcelona-a-montserrat-para-grupos","https://metransfers.es/guia-completa-traslados-para-eventos-nocturnos-o-cenas-de-gala-en-barcelona-llega-con-estilo-y-regresa-con-seguridad-1826/","https://metransfers.es/traslado-privado-barcelona-a-montserrat-para-grupos/","https://metransfers.es/en/guia-completa-traslados-para-eventos-nocturnos-o-cenas-de-gala-en-barcelona-llega-con-estilo-y-regresa-con-seguridad-1826/","https://metransfers.es/en/traslado-privado-barcelona-a-montserrat-para-grupos/","migrated_verified","no"
"27870","Transfer Privado Barcelona a Costa Brava | Tour de un Día por las Calas más Bonitas","todo-lo-que-debes-saber-sobre-operativa-de-salidas-vip-del-hotel-al-prat-sin-estres-tras-una-intensa-semana-de-negocios-7483","transfer-privado-barcelona-a-costa-brava","https://metransfers.es/todo-lo-que-debes-saber-sobre-operativa-de-salidas-vip-del-hotel-al-prat-sin-estres-tras-una-intensa-semana-de-negocios-7483/","https://metransfers.es/transfer-privado-barcelona-a-costa-brava/","https://metransfers.es/en/todo-lo-que-debes-saber-sobre-operativa-de-salidas-vip-del-hotel-al-prat-sin-estres-tras-una-intensa-semana-de-negocios-7483/","https://metransfers.es/en/transfer-privado-barcelona-a-costa-brava/","migrated_verified","yes"
"27873","Traslado Privado Barcelona a Céret | Transfer a los Pirineos Orientales Franceses","guia-completa-escala-de-crucero-en-barcelona-tour-expres-en-coche-privado-desde-el-puerto-y-regreso-a-tiempo-2315","traslado-privado-barcelona-a-ceret","https://metransfers.es/guia-completa-escala-de-crucero-en-barcelona-tour-expres-en-coche-privado-desde-el-puerto-y-regreso-a-tiempo-2315/","https://metransfers.es/traslado-privado-barcelona-a-ceret/","https://metransfers.es/en/guia-completa-escala-de-crucero-en-barcelona-tour-expres-en-coche-privado-desde-el-puerto-y-regreso-a-tiempo-2315/","https://metransfers.es/en/traslado-privado-barcelona-a-ceret/","migrated_verified","no"
"27876","Transfer Privado Barcelona a Le Perthus | Frontera y Compras en la Frontera Hispano-Francesa","todo-lo-que-debes-saber-sobre-movilidad-segura-y-exclusiva-para-mujeres-ejecutivas-en-barcelona-6121","transfer-privado-barcelona-a-le-perthus","https://metransfers.es/todo-lo-que-debes-saber-sobre-movilidad-segura-y-exclusiva-para-mujeres-ejecutivas-en-barcelona-6121/","https://metransfers.es/transfer-privado-barcelona-a-le-perthus/","https://metransfers.es/en/todo-lo-que-debes-saber-sobre-movilidad-segura-y-exclusiva-para-mujeres-ejecutivas-en-barcelona-6121/","https://metransfers.es/en/transfer-privado-barcelona-a-le-perthus/","migrated_verified","no"
"27880","Traslado Privado Barcelona para Boda | Transfer Nupcial con Conductor Elegante","guia-completa-logistica-de-movilidad-para-delegaciones-medicas-preparandonos-para-los-congresos-de-primavera-en-barcelona-9184","traslado-privado-barcelona-boda","https://metransfers.es/guia-completa-logistica-de-movilidad-para-delegaciones-medicas-preparandonos-para-los-congresos-de-primavera-en-barcelona-9184/","https://metransfers.es/traslado-privado-barcelona-boda/","https://metransfers.es/en/guia-completa-logistica-de-movilidad-para-delegaciones-medicas-preparandonos-para-los-congresos-de-primavera-en-barcelona-9184/","https://metransfers.es/en/traslado-privado-barcelona-boda/","migrated_verified","no"
"27883","Transfer Privado Barcelona a Murcia por la Autopista del Mediterráneo","descubre-traslados-corporativos-al-ccib-puntualidad-garantizada-para-ponentes-e-invitados-vip-3920","transfer-privado-barcelona-a-murcia-por-la-autopista-del-mediterraneo","https://metransfers.es/descubre-traslados-corporativos-al-ccib-puntualidad-garantizada-para-ponentes-e-invitados-vip-3920/","https://metransfers.es/transfer-privado-barcelona-a-murcia-por-la-autopista-del-mediterraneo/","https://metransfers.es/en/descubre-traslados-corporativos-al-ccib-puntualidad-garantizada-para-ponentes-e-invitados-vip-3920/","https://metransfers.es/en/transfer-privado-barcelona-a-murcia-por-la-autopista-del-mediterraneo/","migrated_verified","no"
"27885","Traslado Privado Barcelona a Covadonga | Transfer al Santuario de Asturias","descubre-alquiler-de-coche-con-conductor-por-horas-la-solucion-a-la-agenda-impredecible-de-los-congresos-en-barcelona-7141","traslado-privado-barcelona-a-covadonga","https://metransfers.es/descubre-alquiler-de-coche-con-conductor-por-horas-la-solucion-a-la-agenda-impredecible-de-los-congresos-en-barcelona-7141/","https://metransfers.es/traslado-privado-barcelona-a-covadonga/","https://metransfers.es/en/descubre-alquiler-de-coche-con-conductor-por-horas-la-solucion-a-la-agenda-impredecible-de-los-congresos-en-barcelona-7141/","https://metransfers.es/en/traslado-privado-barcelona-a-covadonga/","migrated_verified","yes"
"27887","Transfer Privado Barcelona a Costa Verde | Traslado al Norte de España","la-mejor-opcion-de-gestion-de-equipaje-en-escalas-cortas-haz-tu-tour-por-barcelona-mientras-tus-maletas-van-seguras-en-el-maletero-7703","transfer-privado-barcelona-a-costa-verde","https://metransfers.es/la-mejor-opcion-de-gestion-de-equipaje-en-escalas-cortas-haz-tu-tour-por-barcelona-mientras-tus-maletas-van-seguras-en-el-maletero-7703/","https://metransfers.es/transfer-privado-barcelona-a-costa-verde/","https://metransfers.es/en/la-mejor-opcion-de-gestion-de-equipaje-en-escalas-cortas-haz-tu-tour-por-barcelona-mientras-tus-maletas-van-seguras-en-el-maletero-7703/","https://metransfers.es/en/transfer-privado-barcelona-a-costa-verde/","migrated_verified","no"
"27890","Traslado Privado Barcelona a Gibraltar | Transfer a la Roca Británica","guia-completa-fiestas-de-sant-josep-oriol-transporte-privado-al-barrio-gotico-sin-preocuparte-por-el-aparcamiento-2933","traslado-privado-barcelona-a-gibraltar","https://metransfers.es/guia-completa-fiestas-de-sant-josep-oriol-transporte-privado-al-barrio-gotico-sin-preocuparte-por-el-aparcamiento-2933/","https://metransfers.es/traslado-privado-barcelona-a-gibraltar/","https://metransfers.es/en/guia-completa-fiestas-de-sant-josep-oriol-transporte-privado-al-barrio-gotico-sin-preocuparte-por-el-aparcamiento-2933/","https://metransfers.es/en/traslado-privado-barcelona-a-gibraltar/","migrated_verified","no"
"27892","Transfer Privado Barcelona a Albarracín | Traslado al Pueblo Medieval más Bonito de España","la-mejor-opcion-de-movilidad-vip-para-artistas-y-musicos-en-barcelona-discrecion-y-gran-capacidad-de-maletero-para-instrumentos-4906","transfer-privado-barcelona-a-albarracin","https://metransfers.es/la-mejor-opcion-de-movilidad-vip-para-artistas-y-musicos-en-barcelona-discrecion-y-gran-capacidad-de-maletero-para-instrumentos-4906/","https://metransfers.es/transfer-privado-barcelona-a-albarracin/","https://metransfers.es/en/la-mejor-opcion-de-movilidad-vip-para-artistas-y-musicos-en-barcelona-discrecion-y-gran-capacidad-de-maletero-para-instrumentos-4906/","https://metransfers.es/en/transfer-privado-barcelona-a-albarracin/","migrated_verified","no"
"27894","Traslado Privado Barcelona Noche | Transfer Nocturno 24 Horas con MeTransfers","la-mejor-opcion-de-reserva-tu-traslado-de-primavera-con-antelacion-evita-las-largas-colas-de-taxis-en-el-prat-7702","traslado-privado-barcelona-noche","https://metransfers.es/la-mejor-opcion-de-reserva-tu-traslado-de-primavera-con-antelacion-evita-las-largas-colas-de-taxis-en-el-prat-7702/","https://metransfers.es/traslado-privado-barcelona-noche/","https://metransfers.es/en/la-mejor-opcion-de-reserva-tu-traslado-de-primavera-con-antelacion-evita-las-largas-colas-de-taxis-en-el-prat-7702/","https://metransfers.es/en/traslado-privado-barcelona-noche/","migrated_verified","no"
"29553","Taxi en Barcelona: Servicio Rápido, Seguro y 24 Horas","taxi-en-barcelona-servicio-rapido-seguro-y-24-horas","taxi-en-barcelona-servicio-rapido-seguro-y-24-horas","https://metransfers.es/taxi-en-barcelona-servicio-rapido-seguro-y-24-horas/","https://metransfers.es/taxi-en-barcelona-servicio-rapido-seguro-y-24-horas/","https://metransfers.es/en/taxi-en-barcelona-servicio-rapido-seguro-y-24-horas/","https://metransfers.es/en/taxi-en-barcelona-servicio-rapido-seguro-y-24-horas/","preserved_verified","no"
"29554","Taxi desde el Aeropuerto de Barcelona El Prat: Evita Colas y Esperas","taxi-desde-el-aeropuerto-de-barcelona-el-prat-evita-colas-y-esperas","taxi-desde-el-aeropuerto-de-barcelona-el-prat-evita-colas-y-esperas","https://metransfers.es/taxi-desde-el-aeropuerto-de-barcelona-el-prat-evita-colas-y-esperas/","https://metransfers.es/taxi-desde-el-aeropuerto-de-barcelona-el-prat-evita-colas-y-esperas/","https://metransfers.es/en/taxi-desde-el-aeropuerto-de-barcelona-el-prat-evita-colas-y-esperas/","https://metransfers.es/en/taxi-desde-el-aeropuerto-de-barcelona-el-prat-evita-colas-y-esperas/","preserved_verified","no"
"29555","Taxi de Larga Distancia desde Barcelona a Madrid","taxi-de-larga-distancia-desde-barcelona-a-madrid","taxi-de-larga-distancia-desde-barcelona-a-madrid","https://metransfers.es/taxi-de-larga-distancia-desde-barcelona-a-madrid/","https://metransfers.es/taxi-de-larga-distancia-desde-barcelona-a-madrid/","https://metransfers.es/en/taxi-de-larga-distancia-desde-barcelona-a-madrid/","https://metransfers.es/en/taxi-de-larga-distancia-desde-barcelona-a-madrid/","preserved_verified","no"
"29556","Taxi Privado desde Barcelona a Valencia: Viaje Directo","taxi-privado-desde-barcelona-a-valencia-viaje-directo","taxi-privado-desde-barcelona-a-valencia-viaje-directo","https://metransfers.es/taxi-privado-desde-barcelona-a-valencia-viaje-directo/","https://metransfers.es/taxi-privado-desde-barcelona-a-valencia-viaje-directo/","https://metransfers.es/en/taxi-privado-desde-barcelona-a-valencia-viaje-directo/","https://metransfers.es/en/taxi-privado-desde-barcelona-a-valencia-viaje-directo/","preserved_verified","no"
"29557","Taxi de Barcelona a Zaragoza: Confort y Puntualidad","taxi-de-barcelona-a-zaragoza-confort-y-puntualidad","taxi-de-barcelona-a-zaragoza-confort-y-puntualidad","https://metransfers.es/taxi-de-barcelona-a-zaragoza-confort-y-puntualidad/","https://metransfers.es/taxi-de-barcelona-a-zaragoza-confort-y-puntualidad/","https://metransfers.es/en/taxi-de-barcelona-a-zaragoza-confort-y-puntualidad/","https://metransfers.es/en/taxi-de-barcelona-a-zaragoza-confort-y-puntualidad/","preserved_verified","no"
"29558","Reserva tu Taxi en Barcelona: Tarifas y Consejos","reserva-tu-taxi-en-barcelona-tarifas-y-consejos","reserva-tu-taxi-en-barcelona-tarifas-y-consejos","https://metransfers.es/reserva-tu-taxi-en-barcelona-tarifas-y-consejos/","https://metransfers.es/reserva-tu-taxi-en-barcelona-tarifas-y-consejos/","https://metransfers.es/en/reserva-tu-taxi-en-barcelona-tarifas-y-consejos/","https://metransfers.es/en/reserva-tu-taxi-en-barcelona-tarifas-y-consejos/","preserved_verified","no"
"29559","¿Por Qué Elegir un Servicio de Traslado Privado en Barcelona?","taxis-de-lujo-en-barcelona-viaja-con-estilo","por-que-elegir-un-servicio-de-traslado-privado-en-barcelona","https://metransfers.es/taxis-de-lujo-en-barcelona-viaja-con-estilo/","https://metransfers.es/por-que-elegir-un-servicio-de-traslado-privado-en-barcelona/","https://metransfers.es/en/taxis-de-lujo-en-barcelona-viaja-con-estilo/","https://metransfers.es/en/por-que-elegir-un-servicio-de-traslado-privado-en-barcelona/","migrated_verified","no"
"29560","Cómo Pedir un Taxi en el Puerto de Cruceros de Barcelona","como-pedir-un-taxi-en-el-puerto-de-cruceros-de-barcelona","como-pedir-un-taxi-en-el-puerto-de-cruceros-de-barcelona","https://metransfers.es/como-pedir-un-taxi-en-el-puerto-de-cruceros-de-barcelona/","https://metransfers.es/como-pedir-un-taxi-en-el-puerto-de-cruceros-de-barcelona/","https://metransfers.es/en/como-pedir-un-taxi-en-el-puerto-de-cruceros-de-barcelona/","https://metransfers.es/en/como-pedir-un-taxi-en-el-puerto-de-cruceros-de-barcelona/","preserved_verified","no"
"29561","Guía de Testimonios: Clientes Satisfechos con Nuestros Servicios de Traslado en Barcelona","taxis-para-grupos-en-barcelona-furgonetas-y-minivans","guia-de-testimonios-clientes-satisfechos-con-nuestros-servicios-de-traslado-en-barcelona","https://metransfers.es/taxis-para-grupos-en-barcelona-furgonetas-y-minivans/","https://metransfers.es/guia-de-testimonios-clientes-satisfechos-con-nuestros-servicios-de-traslado-en-barcelona/","https://metransfers.es/en/taxis-para-grupos-en-barcelona-furgonetas-y-minivans/","https://metransfers.es/en/guia-de-testimonios-clientes-satisfechos-con-nuestros-servicios-de-traslado-en-barcelona/","migrated_verified","yes"
"29562","Los Mejores Servicios de Traslado para Grupos en Barcelona","taxi-privado-desde-barcelona-a-la-costa-brava","los-mejores-servicios-de-traslado-para-grupos-en-barcelona","https://metransfers.es/taxi-privado-desde-barcelona-a-la-costa-brava/","https://metransfers.es/los-mejores-servicios-de-traslado-para-grupos-en-barcelona/","https://metransfers.es/en/taxi-privado-desde-barcelona-a-la-costa-brava/","https://metransfers.es/en/los-mejores-servicios-de-traslado-para-grupos-en-barcelona/","migrated_verified","no"
"29563","Cómo Aprovechar al Máximo tu Traslado Privado en Barcelona: Consejos y Recomendaciones","tour-privado-por-barcelona-descubre-la-magia-de-gaudi","como-aprovechar-al-maximo-tu-traslado-privado-en-barcelona","https://metransfers.es/tour-privado-por-barcelona-descubre-la-magia-de-gaudi/","https://metransfers.es/como-aprovechar-al-maximo-tu-traslado-privado-en-barcelona/","https://metransfers.es/en/tour-privado-por-barcelona-descubre-la-magia-de-gaudi/","https://metransfers.es/en/como-aprovechar-al-maximo-tu-traslado-privado-en-barcelona/","migrated_verified","no"
"29564","Las Mejores Experiencias Culinarias en Barcelona: Guía Completa","tour-gastronomico-por-barcelona-sabores-de-cataluna","tour-gastronomico-por-barcelona-sabores-de-cataluna","https://metransfers.es/tour-gastronomico-por-barcelona-sabores-de-cataluna/","https://metransfers.es/tour-gastronomico-por-barcelona-sabores-de-cataluna/","https://metransfers.es/en/tour-gastronomico-por-barcelona-sabores-de-cataluna/","https://metransfers.es/en/tour-gastronomico-por-barcelona-sabores-de-cataluna/","preserved_verified","no"
"29565","Las Mejores Aplicaciones de Transfer en Barcelona: Compara y Encuentra","excursion-privada-desde-barcelona-a-montserrat","las-mejores-aplicaciones-de-transfer-en-barcelona-compara-y-encuentra","https://metransfers.es/excursion-privada-desde-barcelona-a-montserrat/","https://metransfers.es/las-mejores-aplicaciones-de-transfer-en-barcelona-compara-y-encuentra/","https://metransfers.es/en/excursion-privada-desde-barcelona-a-montserrat/","https://metransfers.es/en/las-mejores-aplicaciones-de-transfer-en-barcelona-compara-y-encuentra/","migrated_verified","no"
"29566","Cómo Planificar un Viaje Perfecto en Barcelona: Guía Completa","tour-privado-desde-barcelona-a-girona-y-museo-dali","como-planificar-un-viaje-perfecto-en-barcelona-guia-completa","https://metransfers.es/tour-privado-desde-barcelona-a-girona-y-museo-dali/","https://metransfers.es/como-planificar-un-viaje-perfecto-en-barcelona-guia-completa/","https://metransfers.es/en/tour-privado-desde-barcelona-a-girona-y-museo-dali/","https://metransfers.es/en/como-planificar-un-viaje-perfecto-en-barcelona-guia-completa/","migrated_verified","no"
"29567","Guía Completa de Transporte en Barcelona: Todo lo que Necesitas Saber","ruta-de-vinos-y-cava-por-el-penedes-desde-barcelona","guia-completa-de-transporte-en-barcelona-todo-lo-que-necesitas-saber","https://metransfers.es/ruta-de-vinos-y-cava-por-el-penedes-desde-barcelona/","https://metransfers.es/guia-completa-de-transporte-en-barcelona-todo-lo-que-necesitas-saber/","https://metransfers.es/en/ruta-de-vinos-y-cava-por-el-penedes-desde-barcelona/","https://metransfers.es/en/guia-completa-de-transporte-en-barcelona-todo-lo-que-necesitas-saber/","migrated_verified","no"
"29568","Los Mejores Tours Privados en Barcelona: Guía para Elegir el Perfecto","tour-panoramico-por-barcelona-en-coche-privado","los-mejores-tours-privados-en-barcelona-guia-para-elegir-el-perfecto","https://metransfers.es/tour-panoramico-por-barcelona-en-coche-privado/","https://metransfers.es/los-mejores-tours-privados-en-barcelona-guia-para-elegir-el-perfecto/","https://metransfers.es/en/tour-panoramico-por-barcelona-en-coche-privado/","https://metransfers.es/en/los-mejores-tours-privados-en-barcelona-guia-para-elegir-el-perfecto/","migrated_verified","no"
"29569","Las Mejores Rutas Escénicas Desde Barcelona: Descubre Cataluña en Coche","excursion-privada-de-barcelona-a-sitges-y-tarragona","las-mejores-rutas-escenicas-desde-barcelona-descubre-cataluna-en-coche","https://metransfers.es/excursion-privada-de-barcelona-a-sitges-y-tarragona/","https://metransfers.es/las-mejores-rutas-escenicas-desde-barcelona-descubre-cataluna-en-coche/","https://metransfers.es/en/excursion-privada-de-barcelona-a-sitges-y-tarragona/","https://metransfers.es/en/las-mejores-rutas-escenicas-desde-barcelona-descubre-cataluna-en-coche/","migrated_verified","yes"
"29570","Cómo Elegir el Mejor Servicio de Traslado para Eventos Especiales en Barcelona","tour-de-compras-vip-en-barcelona-la-roca-village","como-elegir-el-mejor-servicio-de-traslado-para-eventos-especiales-en-barcelona","https://metransfers.es/tour-de-compras-vip-en-barcelona-la-roca-village/","https://metransfers.es/como-elegir-el-mejor-servicio-de-traslado-para-eventos-especiales-en-barcelona/","https://metransfers.es/en/tour-de-compras-vip-en-barcelona-la-roca-village/","https://metransfers.es/en/como-elegir-el-mejor-servicio-de-traslado-para-eventos-especiales-en-barcelona/","migrated_verified","no"
"29571","Guía Completa de Traslados desde el Aeropuerto de Barcelona: Todo lo que Necesitas Saber","ruta-de-juego-de-tronos-tour-desde-barcelona-a-girona","guia-completa-de-traslados-desde-el-aeropuerto-de-barcelona","https://metransfers.es/ruta-de-juego-de-tronos-tour-desde-barcelona-a-girona/","https://metransfers.es/guia-completa-de-traslados-desde-el-aeropuerto-de-barcelona/","https://metransfers.es/en/ruta-de-juego-de-tronos-tour-desde-barcelona-a-girona/","https://metransfers.es/en/guia-completa-de-traslados-desde-el-aeropuerto-de-barcelona/","migrated_verified","no"
"29572","10 Consejos para Elegir el Mejor Servicio de Traslado en Barcelona","tour-privado-por-los-pueblos-medievales-de-cataluna-desde-barcelona","10-consejos-para-elegir-el-mejor-servicio-de-traslado-en-barcelona","https://metransfers.es/tour-privado-por-los-pueblos-medievales-de-cataluna-desde-barcelona/","https://metransfers.es/10-consejos-para-elegir-el-mejor-servicio-de-traslado-en-barcelona/","https://metransfers.es/en/tour-privado-por-los-pueblos-medievales-de-cataluna-desde-barcelona/","https://metransfers.es/en/10-consejos-para-elegir-el-mejor-servicio-de-traslado-en-barcelona/","migrated_verified","no"
"29735","Los Beneficios de Usar un Servicio de Traslado Privado en Barcelona","recuperar-el-iva-en-el-aeropuerto","beneficios-de-usar-un-servicio-de-traslado-privado-en-barcelona","https://metransfers.es/recuperar-el-iva-en-el-aeropuerto/","https://metransfers.es/beneficios-de-usar-un-servicio-de-traslado-privado-en-barcelona/","https://metransfers.es/en/recuperar-el-iva-en-el-aeropuerto/","https://metransfers.es/en/beneficios-de-usar-un-servicio-de-traslado-privado-en-barcelona/","migrated_verified","no"
"29744","Experiencias Únicas: Tours Temáticos en Barcelona","movilidad-vip-para-artistas-y-musicos-en-barcelona-discrecion-y-gran-capacidad-de-maletero-para-instrumentos","experiencias-unicas-tours-tematicos-en-barcelona","https://metransfers.es/movilidad-vip-para-artistas-y-musicos-en-barcelona-discrecion-y-gran-capacidad-de-maletero-para-instrumentos/","https://metransfers.es/experiencias-unicas-tours-tematicos-en-barcelona/","https://metransfers.es/en/movilidad-vip-para-artistas-y-musicos-en-barcelona-discrecion-y-gran-capacidad-de-maletero-para-instrumentos/","https://metransfers.es/en/experiencias-unicas-tours-tematicos-en-barcelona/","migrated_verified","no"
"29745","Diferencias Entre Servicios de Traslado: Taxi vs. Transfer Privado en Barcelona","barcelona-seniors-comodidad-accesibilidad-vehiculos","diferencias-entre-servicios-de-traslado-taxi-vs-transfer-privado-en-barcelona","https://metransfers.es/barcelona-seniors-comodidad-accesibilidad-vehiculos/","https://metransfers.es/diferencias-entre-servicios-de-traslado-taxi-vs-transfer-privado-en-barcelona/","https://metransfers.es/en/barcelona-seniors-comodidad-accesibilidad-vehiculos/","https://metransfers.es/en/diferencias-entre-servicios-de-traslado-taxi-vs-transfer-privado-en-barcelona/","migrated_verified","no"
"29746","Cómo Escoger el Mejor Servicio de Transfer en Barcelona: Guía Completa","lonjas-de-pescado-en-la-costa-de-cataluna","como-escoger-el-mejor-servicio-de-transfer-en-barcelona-guia-completa","https://metransfers.es/lonjas-de-pescado-en-la-costa-de-cataluna/","https://metransfers.es/como-escoger-el-mejor-servicio-de-transfer-en-barcelona-guia-completa/","https://metransfers.es/en/lonjas-de-pescado-en-la-costa-de-cataluna/","https://metransfers.es/en/como-escoger-el-mejor-servicio-de-transfer-en-barcelona-guia-completa/","migrated_verified","no"
