Origin,Target,Type,Format
"/por-que-elegir-traslados-para-la-operacion-salida-como-evitar-el-caos-en-el-prat-durante-el-inicio-de-vacaciones-3966/","/traslado-privado-de-barcelona-a-madrid/",301,plain
"/la-mejor-opcion-de-escapadas-de-un-dia-ruta-por-los-pueblos-blancos-de-la-costa-brava-en-transporte-privado-3753/","/traslado-barcelona-a-valencia-en-coche-privado/",301,plain
"/por-que-elegir-equipaje-sin-limites-por-que-la-mercedes-clase-v-es-la-mejor-opcion-para-familias-en-semana-santa-5756/","/transfer-privado-barcelona-a-sevilla/",301,plain
"/la-mejor-opcion-de-tranquilidad-en-el-puerto-traslados-directos-para-cruceros-que-salen-de-barcelona-este-marzo-2926/","/traslado-barcelona-a-malaga-con-conductor-privado/",301,plain
"/la-mejor-opcion-de-andorra-en-primavera-ultimos-dias-de-nieve-y-traslados-comodos-desde-el-aeropuerto-2319/","/transfer-barcelona-a-zaragoza/",301,plain
"/descubre-dia-del-padre-regala-una-experiencia-de-tour-privado-por-los-vinedos-del-penedes-7476/","/traslado-privado-barcelona-a-bilbao/",301,plain
"/descubre-turismo-religioso-traslados-a-montserrat-para-las-celebraciones-de-semana-santa-2318/","/transfer-privado-barcelona-a-san-sebastian/",301,plain
"/la-mejor-opcion-de-barcelona-gourmet-traslados-a-los-restaurantes-mas-exclusivos-para-cenas-de-primavera-8956/","/traslado-barcelona-a-granada/",301,plain
"/guia-completa-logistica-de-maletas-servicio-de-custodia-y-traslado-de-equipaje-para-escalas-largas-en-el-prat-3561/","/transfer-barcelona-a-pamplona/",301,plain
"/la-mejor-opcion-de-seguridad-infantil-sillas-homologadas-y-confort-en-todos-nuestros-traslados-familiares-6210/","/traslado-privado-barcelona-a-alicante/",301,plain
"/guia-completa-puntualidad-en-festivos-como-garantizamos-tu-recogida-incluso-en-dias-de-alta-demanda-8168/","/traslado-barcelona-a-tarragona/",301,plain
"/guia-completa-tour-de-gaudi-aprovecha-el-sol-de-marzo-para-visitar-la-sagrada-familia-sin-prisas-7721/","/transfer-privado-barcelona-a-girona/",301,plain
"/guia-completa-conexiones-interurbanas-traslados-de-barcelona-a-girona-rapidez-y-confort-4977/","/transfer-barcelona-a-portaventura/",301,plain
"/por-que-elegir-dia-mundial-del-teatro-traslados-a-los-mejores-espectaculos-del-paral-lel-8639/","/traslado-barcelona-a-montserrat/",301,plain
"/guia-completa-cambio-de-hora-como-ajustamos-nuestros-sistemas-para-que-tu-chofer-siempre-este-a-tiempo-1305/","/transfer-privado-barcelona-a-costa-dorada/",301,plain
"/guia-completa-primavera-de-negocios-la-importancia-de-un-chofer-privado-para-ejecutivos-en-abril-6512/","/traslado-barcelona-a-costa-brava/",301,plain
"/guia-completa-traslados-al-mwc-post-analisis-lecciones-de-movilidad-aprendidas-para-el-proximo-ano-3634/","/transfer-privado-barcelona-a-andorra/",301,plain
"/guia-completa-barcelona-open-banc-sabadell-traslados-exclusivos-al-real-club-de-tenis-barcelona-9443/","/traslado-barcelona-a-lloret-de-mar/",301,plain
"/guia-completa-logistica-para-congresos-como-coordinamos-flotas-para-eventos-medicos-en-la-fira-9648/","/transfer-barcelona-a-cadaques/",301,plain
"/la-mejor-opcion-de-dia-mundial-de-la-salud-traslados-medicos-privados-con-total-discrecion-4870/","/traslado-privado-barcelona-a-figueres/",301,plain
"/guia-completa-shopping-tour-visita-a-la-roca-village-con-chofer-privado-y-espacio-para-todas-tus-compras-1963/","/transfer-barcelona-a-reus/",301,plain
"/la-mejor-opcion-de-ruta-del-romanico-descubre-el-vall-de-boi-con-un-traslado-de-larga-distancia-8497/","/traslado-privado-barcelona-a-lleida/",301,plain
"/la-mejor-opcion-de-barcelona-desde-el-aire-traslados-combinados-con-tours-en-helicoptero-3169/","/transfer-privado-barcelona-a-blanes/",301,plain
"/por-que-elegir-atencion-24-7-por-que-nuestro-soporte-humano-marca-la-diferencia-frente-a-las-apps-4655/","/traslado-barcelona-a-tossa-de-mar/",301,plain
"/guia-completa-viajes-con-mascotas-traslados-pet-friendly-en-barcelona-viaja-con-tu-mejor-amigo-7127/","/transfer-barcelona-a-perpinan/",301,plain
"/descubre-traslados-a-la-costa-daurada-preparate-para-el-sol-de-abril-en-salou-y-cambrils-9672/","/traslado-privado-barcelona-a-montpellier/",301,plain
"/guia-completa-dia-de-las-americas-conectando-a-viajeros-internacionales-con-el-centro-de-barcelona-3798/","/transfer-privado-barcelona-a-niza/",301,plain
"/todo-lo-que-debes-saber-sobre-turismo-sostenible-nuestra-flota-hibrida-y-el-compromiso-con-el-medio-ambiente-8123/","/traslado-privado-barcelona-a-marsella/",301,plain
"/por-que-elegir-barcelona-de-noche-seguridad-y-estilo-para-tus-regresos-de-madrugada-7703/","/transfer-barcelona-a-lyon/",301,plain
"/todo-lo-que-debes-saber-sobre-traslados-vip-al-circuito-de-catalunya-preparate-para-la-velocidad-con-metransfers-2702/","/traslado-privado-barcelona-a-lisboa/",301,plain
"/descubre-visita-a-tarragona-historia-romana-a-solo-un-traslado-de-distancia-7775/","/transfer-privado-barcelona-a-oporto/",301,plain
"/la-mejor-opcion-de-eficiencia-en-el-aeropuerto-el-punto-de-encuentro-exacto-para-evitar-esperas-1705/","/traslado-barcelona-a-monaco/",301,plain
"/guia-completa-viajes-de-lujo-que-esperar-de-nuestra-categoria-premium-en-traslados-largos-9022/","/transfer-privado-barcelona-a-milan/",301,plain
"/guia-completa-dia-de-la-tierra-optimizando-rutas-para-reducir-emisiones-en-la-ciudad-4054/","/traslado-privado-barcelona-a-ginebra/",301,plain
"/guia-completa-especial-sant-jordi-traslados-romanticos-por-una-barcelona-llena-de-rosas-y-libros-6588/","/transfer-privado-barcelona-a-toulouse/",301,plain
"/guia-completa-logistica-de-libros-como-ayudamos-a-editoriales-con-traslados-rapidos-durante-sant-jordi-5693/","/traslado-privado-barcelona-a-burdeos/",301,plain
"/guia-completa-escapada-a-figueres-tras-el-rastro-de-dali-en-un-tour-privado-de-un-dia-4572/","/transfer-privado-barcelona-a-munich/",301,plain
"/descubre-conductor-por-horas-la-libertad-de-cambiar-de-planes-sin-preocuparte-por-el-parking-9588/","/traslado-privado-aeropuerto-el-prat-a-barcelona/",301,plain
"/por-que-elegir-traslados-a-montserrat-consejos-para-evitar-las-multitudes-en-primavera-7237/","/transfer-privado-puerto-de-cruceros-barcelona/",301,plain
"/descubre-dia-de-la-virgen-de-montserrat-guia-de-traslados-a-la-moreneta-5412/","/conductor-por-horas-en-barcelona/",301,plain
"/descubre-protocolo-vip-formacion-de-nuestros-conductores-en-atencion-al-cliente-de-alto-nivel-2270/","/tour-privado-gaudi-en-barcelona/",301,plain
"/descubre-traslados-a-cadaques-la-guia-definitiva-para-el-viaje-mas-pintoresco-de-catalunya-6468/","/tour-panoramico-barcelona-en-coche-privado/",301,plain
"/guia-completa-gastronomia-de-abril-traslados-a-las-mejores-calcotades-de-la-temporada-6972/","/traslado-privado-barcelona-a-penedes/",301,plain
"/todo-lo-que-debes-saber-sobre-barcelona-para-seniors-comodidad-y-accesibilidad-en-todos-nuestros-vehiculos-9650/","/transfer-privado-barcelona-a-puigcerda/",301,plain
"/guia-completa-facturacion-para-empresas-simplifica-tus-gastos-de-movilidad-con-merchan-dev-5166/","/traslado-privado-barcelona-a-la-molina/",301,plain
"/la-mejor-opcion-de-dia-del-trabajador-disponibilidad-total-de-nuestra-flota-en-dias-festivos-9236/","/transfer-barcelona-a-san-sebastian-donostia/",301,plain
"/guia-completa-girona-temps-de-flors-traslados-exclusivos-para-ver-la-ciudad-de-las-flores-9982/","/traslado-privado-barcelona-a-cordoba/",301,plain
"/la-mejor-opcion-de-preparativos-de-verano-reserva-tu-traslado-ahora-y-asegura-el-mejor-precio-para-julio-1970/","/transfer-barcelona-a-toledo/",301,plain
"/guia-completa-star-wars-day-tours-galacticos-por-la-arquitectura-moderna-de-barcelona-8795/","/traslado-barcelona-a-la-costa-del-sol/",301,plain
"/todo-lo-que-debes-saber-sobre-traslados-al-aeropuerto-de-reus-ampliamos-nuestras-rutas-para-tu-comodidad-6244/","/transfer-privado-barcelona-a-delta-del-ebro/",301,plain
"/guia-completa-eventos-corporativos-como-organizar-traslados-para-cenas-de-empresa-en-el-port-olimpic-2849/","/traslado-privado-barcelona-a-begur/",301,plain
"/guia-completa-dia-de-europa-conectando-las-principales-capitales-desde-el-prat-1999/","/transfer-privado-barcelona-a-palafrugell/",301,plain
"/por-que-elegir-turismo-de-cruceros-calendario-de-llegadas-al-puerto-de-barcelona-para-mayo-6450/","/traslado-privado-barcelona-a-lestartit/",301,plain
"/la-mejor-opcion-de-la-importancia-de-la-puntualidad-en-lunes-como-vencemos-el-trafico-matutino-9176/","/transfer-barcelona-a-empuriabrava/",301,plain
"/la-mejor-opcion-de-los-mejores-hoteles-con-terraza-en-barcelona-te-llevamos-al-afterwork-perfecto-6085/","/traslado-privado-barcelona-a-roses/",301,plain
"/descubre-dia-de-san-isidro-traslados-a-eventos-culturales-y-verbenas-locales-7969/","/transfer-barcelona-a-lescala/",301,plain
"/descubre-descubre-la-historia-y-las-obras-maestras-del-museo-picasso-en-barcelona-6111/","/traslado-privado-barcelona-a-palamos/",301,plain
"/descubre-transfer-privado-a-andorra-una-experiencia-de-lujo-para-explorar-los-encantos-de-este-hermoso-pais-9778/","/transfer-barcelona-a-sant-feliu-de-guixols/",301,plain
"/por-que-elegir-explorando-figueres-dali-y-las-joyas-de-la-costa-brava-8023/","/traslado-privado-barcelona-a-platja-daro/",301,plain
"/la-mejor-opcion-de-madrid-y-sus-encantos-9666/","/transfer-privado-barcelona-a-tortosa/",301,plain
"/todo-lo-que-debes-saber-sobre-lonjas-de-pescado-en-la-costa-de-cataluna-8116/","/traslado-privado-barcelona-a-montblanc/",301,plain
"/guia-completa-la-costa-dorada-6859/","/transfer-privado-barcelona-a-mataro/",301,plain
"/la-mejor-opcion-de-que-ver-en-montserrat-3789/","/traslado-privado-barcelona-a-vic/",301,plain
"/por-que-elegir-top-5-destinos-de-nieve-para-una-escapada-vip-desde-barcelona-con-metransfers-2703/","/transfer-privado-barcelona-a-berga/",301,plain
"/la-mejor-opcion-de-traslados-privados-de-barcelona-a-lloret-de-mar-tu-guia-completa-con-metransfers-3415/","/traslado-privado-barcelona-a-manresa/",301,plain
"/descubre-traslados-privados-de-barcelona-a-madrid-viaja-con-total-comodidad-y-exclusividad-1064/","/transfer-privado-barcelona-a-terrassa/",301,plain
"/por-que-elegir-el-camp-nou-y-el-sentimiento-cule-una-pasion-que-cruza-fronteras-con-metransfers-3757/","/traslado-privado-barcelona-a-sabadell/",301,plain
"/guia-completa-consejos-imprescindibles-para-tu-llegada-al-aeropuerto-de-barcelona-guia-practica-3553/","/transfer-privado-barcelona-a-igualada/",301,plain
"/guia-completa-5-razones-para-elegir-un-traslado-privado-en-tu-proxima-visita-a-barcelona-8049/","/traslado-privado-barcelona-a-granollers/",301,plain
"/guia-completa-traslados-puerta-a-puerta-la-forma-mas-segura-de-viajar-por-espana-8798/","/transfer-privado-barcelona-a-martorell/",301,plain
"/descubre-de-barcelona-a-andorra-tu-traslado-directo-a-la-nieve-3872/","/traslado-privado-barcelona-a-peniscola/",301,plain
"/descubre-el-placer-de-la-carretera-tu-traslado-privado-de-barcelona-a-lloret-de-mar-9454/","/transfer-privado-barcelona-a-castellon/",301,plain
"/todo-lo-que-debes-saber-sobre-5-iconos-de-lloret-de-mar-que-no-te-puedes-perder-8933/","/traslado-privado-barcelona-a-murcia/",301,plain
"/guia-completa-de-villa-de-pescadores-a-icono-mundial-la-historia-completa-de-lloret-de-mar-4850/","/transfer-privado-barcelona-a-cartagena/",301,plain
"/la-mejor-opcion-de-por-que-elegir-metransfers-tu-puerta-de-entrada-a-toda-espana-con-el-maximo-confort-8245/","/traslado-privado-barcelona-a-benidorm/",301,plain
"/por-que-elegir-mas-que-un-taxi-5-ventajas-de-elegir-un-transporte-privado-desde-barcelona-para-viajar-por-espana-9507/","/transfer-privado-barcelona-a-andorra-esqui-compras-duty-free/",301,plain
"/guia-completa-transporte-privado-para-el-mobile-world-congress-2026-guia-para-ejecutivos-6784/","/traslado-privado-barcelona-a-biarritz/",301,plain
"/descubre-como-ir-del-aeropuerto-de-bcn-a-portaventura-comparativa-de-opciones-7898/","/transfer-privado-barcelona-a-carcasona/",301,plain
"/todo-lo-que-debes-saber-sobre-transporte-en-barcelona-para-grupos-grandes-y-equipaje-extra-la-solucion-mercedes-clase-v-2755/","/traslado-barcelona-a-andorra-guia-completa-para-viajar-con-coche-espanol/",301,plain
"/por-que-elegir-los-5-mejores-restaurantes-con-estrella-michelin-en-barcelona-llega-con-estilo-1633/","/transfer-privado-barcelona-a-paris/",301,plain
"/la-mejor-opcion-de-mejores-empresas-de-traslados-en-barcelona-y-espana-top-10-ranking-2026-3795/","/traslado-barcelona-a-san-sebastian/",301,plain
"/descubre-de-barcelona-a-san-sebastian-guia-para-el-traslado-perfecto-1015/","/guia-completa-viajar-en-coche-desde-espana-a-europa-con-documentos-espanoles/",301,plain
"/todo-lo-que-debes-saber-sobre-barcelona-a-cadaques-la-guia-definitiva-para-un-traslado-sin-estres-8325/","/traslado-vip-barcelona/",301,plain
"/guia-completa-traslado-de-barcelona-a-reus-comodidad-y-puntualidad-en-cada-kilometro-5250/","/transfer-para-grupos-barcelona/",301,plain
"/guia-completa-private-transfer-barcelona-a-girona-la-forma-mas-exclusiva-de-viajar-9673/","/traslado-privado-barcelona-a-genova/",301,plain
"/todo-lo-que-debes-saber-sobre-aerolineas-que-operan-en-girona-guia-completa-y-mejores-opciones-de-traslado-4137/","/transfer-privado-barcelona-a-turin/",301,plain
"/guia-completa-guia-paso-a-paso-como-recuperar-el-iva-tax-free-en-el-aeropuerto-de-barcelona-7480/","/traslado-privado-barcelona-a-zurich/",301,plain
"/todo-lo-que-debes-saber-sobre-transporte-ejecutivo-en-el-mobile-world-congress-2026-excelencia-en-movilidad-privada-en-barcelona-8458/","/transfer-privado-barcelona-a-basilea/",301,plain
"/la-mejor-opcion-de-domine-el-mobile-world-congress-2026-la-estrategia-de-movilidad-que-define-su-exito-en-barcelona-1172/","/traslado-privado-barcelona-a-luxemburgo/",301,plain
"/guia-completa-por-que-metransfers-es-la-mejor-opcion-para-tus-traslados-en-barcelona-50-razones-que-marcan-la-diferencia-8089/","/transfer-privado-barcelona-a-bruselas/",301,plain
"/guia-completa-como-reservar-un-transfer-en-barcelona-en-menos-de-2-minutos-la-guia-rapida-de-metransfers-2235/","/traslado-privado-barcelona-a-francfort/",301,plain
"/todo-lo-que-debes-saber-sobre-tour-en-barcelona-excursion-privada-de-1-dia-personalizada-por-la-bcn-1789/","/transfer-privado-barcelona-a-stuttgart/",301,plain
"/por-que-elegir-como-disenar-tu-excursion-privada-de-1-dia-por-barcelona-con-metransfers-4151/","/traslado-ejecutivo-barcelona/",301,plain
"/guia-completa-chofer-a-disposicion-por-horas-en-barcelona-que-es-y-como-aprovecharlo-al-maximo-2053/","/transfer-aeropuerto-el-prat/",301,plain
"/guia-completa-tour-panoramico-por-barcelona-las-mejores-vistas-sin-bajar-de-tu-coche-privado-5711/","/traslado-privado-barcelona-a-huesca/",301,plain
"/descubre-barcelona-en-4-6-u-8-horas-elige-el-tour-en-coche-a-tu-medida-4144/","/transfer-privado-barcelona-a-benasque/",301,plain
"/guia-completa-excursion-de-1-dia-por-la-barcelona-de-gaudi-de-monumento-a-monumento-con-chofer-puerta-a-puerta-2706/","/traslado-privado-barcelona-a-teruel/",301,plain
"/guia-completa-conoce-nuestra-flota-los-vehiculos-de-alta-gama-para-tus-tours-por-barcelona-5020/","/transfer-privado-barcelona-a-salamanca/",301,plain
"/la-mejor-opcion-de-la-ventaja-de-un-conductor-local-rutas-sin-trafico-y-puntualidad-en-tu-tour-6197/","/traslado-privado-barcelona-a-valladolid/",301,plain
"/la-mejor-opcion-de-precios-cerrados-en-tus-tours-por-barcelona-viaja-sin-taximetros-ni-sorpresas-9609/","/transfer-privado-barcelona-a-santander/",301,plain
"/descubre-excursion-privada-a-montserrat-desde-bcn-el-viaje-mas-comodo-hasta-la-montana-3857/","/traslado-privado-barcelona-a-la-rioja/",301,plain
"/la-mejor-opcion-de-ruta-en-coche-de-1-dia-por-la-costa-brava-tu-eliges-los-pueblos-nosotros-conducimos-1787/","/transfer-privado-barcelona-a-pamplona/",301,plain
"/la-mejor-opcion-de-traslado-y-tour-de-un-dia-a-girona-transporte-exclusivo-desde-la-puerta-de-tu-hotel-6831/","/traslado-privado-barcelona-a-oviedo/",301,plain
"/guia-completa-de-barcelona-a-sitges-transporte-privado-para-una-escapada-perfecta-de-un-dia-8383/","/transfer-privado-barcelona-a-santiago-de-compostela/",301,plain
"/todo-lo-que-debes-saber-sobre-ruta-por-el-penedes-visita-las-bodegas-con-un-chofer-privado-y-disfruta-sin-preocuparte-por-conducir-2990/","/traslado-privado-barcelona-a-palma/",301,plain
"/guia-completa-excursion-a-figueres-en-coche-privado-la-forma-mas-directa-de-llegar-al-museo-dali-5752/","/transfer-privado-barcelona-a-andorra-para-spa/",301,plain
"/descubre-ruta-de-los-pueblos-medievales-de-cataluna-tu-itinerario-personalizado-en-vehiculo-privado-4534/","/guia-de-traslados-desde-barcelona-a-francia/",301,plain
"/la-mejor-opcion-de-excursiones-de-un-dia-para-grupos-de-hasta-7-personas-todos-juntos-en-un-solo-vehiculo-5779/","/traslado-privado-barcelona-a-portugal/",301,plain
"/descubre-mucho-equipaje-cero-problemas-traslados-espaciosos-para-cruceristas-y-familias-3761/","/transfer-privado-barcelona-a-narbona/",301,plain
"/la-mejor-opcion-de-recogida-vip-en-el-aeropuerto-del-prat-que-pasa-cuando-tu-chofer-te-espera-con-un-cartel-5880/","/traslado-privado-barcelona-a-avignon/",301,plain
"/la-mejor-opcion-de-movilidad-para-congresos-en-barcelona-traslados-directos-del-aeropuerto-a-fira-barcelona-o-tu-hotel-9579/","/transfer-privado-barcelona-a-nimes/",301,plain
"/descubre-transporte-ejecutivo-en-barcelona-vehiculos-oscuros-discrecion-y-maxima-puntualidad-1999/","/traslado-privado-barcelona-a-lourdes/",301,plain
"/la-mejor-opcion-de-roadshows-financieros-y-de-negocios-optimiza-tus-reuniones-en-barcelona-con-un-chofer-a-disposicion-3489/","/transfer-privado-barcelona-a-albi/",301,plain
"/guia-completa-traslados-para-eventos-nocturnos-o-cenas-de-gala-en-barcelona-llega-con-estilo-y-regresa-con-seguridad-1826/","/traslado-privado-barcelona-a-montserrat-para-grupos/",301,plain
"/todo-lo-que-debes-saber-sobre-operativa-de-salidas-vip-del-hotel-al-prat-sin-estres-tras-una-intensa-semana-de-negocios-7483/","/transfer-privado-barcelona-a-costa-brava/",301,plain
"/guia-completa-escala-de-crucero-en-barcelona-tour-expres-en-coche-privado-desde-el-puerto-y-regreso-a-tiempo-2315/","/traslado-privado-barcelona-a-ceret/",301,plain
"/todo-lo-que-debes-saber-sobre-movilidad-segura-y-exclusiva-para-mujeres-ejecutivas-en-barcelona-6121/","/transfer-privado-barcelona-a-le-perthus/",301,plain
"/guia-completa-logistica-de-movilidad-para-delegaciones-medicas-preparandonos-para-los-congresos-de-primavera-en-barcelona-9184/","/traslado-privado-barcelona-boda/",301,plain
"/descubre-traslados-corporativos-al-ccib-puntualidad-garantizada-para-ponentes-e-invitados-vip-3920/","/transfer-privado-barcelona-a-murcia-por-la-autopista-del-mediterraneo/",301,plain
"/descubre-alquiler-de-coche-con-conductor-por-horas-la-solucion-a-la-agenda-impredecible-de-los-congresos-en-barcelona-7141/","/traslado-privado-barcelona-a-covadonga/",301,plain
"/la-mejor-opcion-de-gestion-de-equipaje-en-escalas-cortas-haz-tu-tour-por-barcelona-mientras-tus-maletas-van-seguras-en-el-maletero-7703/","/transfer-privado-barcelona-a-costa-verde/",301,plain
"/guia-completa-fiestas-de-sant-josep-oriol-transporte-privado-al-barrio-gotico-sin-preocuparte-por-el-aparcamiento-2933/","/traslado-privado-barcelona-a-gibraltar/",301,plain
"/la-mejor-opcion-de-movilidad-vip-para-artistas-y-musicos-en-barcelona-discrecion-y-gran-capacidad-de-maletero-para-instrumentos-4906/","/transfer-privado-barcelona-a-albarracin/",301,plain
"/la-mejor-opcion-de-reserva-tu-traslado-de-primavera-con-antelacion-evita-las-largas-colas-de-taxis-en-el-prat-7702/","/traslado-privado-barcelona-noche/",301,plain
"/taxis-de-lujo-en-barcelona-viaja-con-estilo/","/por-que-elegir-un-servicio-de-traslado-privado-en-barcelona/",301,plain
"/taxis-para-grupos-en-barcelona-furgonetas-y-minivans/","/guia-de-testimonios-clientes-satisfechos-con-nuestros-servicios-de-traslado-en-barcelona/",301,plain
"/taxi-privado-desde-barcelona-a-la-costa-brava/","/los-mejores-servicios-de-traslado-para-grupos-en-barcelona/",301,plain
"/tour-privado-por-barcelona-descubre-la-magia-de-gaudi/","/como-aprovechar-al-maximo-tu-traslado-privado-en-barcelona/",301,plain
"/excursion-privada-desde-barcelona-a-montserrat/","/las-mejores-aplicaciones-de-transfer-en-barcelona-compara-y-encuentra/",301,plain
"/tour-privado-desde-barcelona-a-girona-y-museo-dali/","/como-planificar-un-viaje-perfecto-en-barcelona-guia-completa/",301,plain
"/ruta-de-vinos-y-cava-por-el-penedes-desde-barcelona/","/guia-completa-de-transporte-en-barcelona-todo-lo-que-necesitas-saber/",301,plain
"/tour-panoramico-por-barcelona-en-coche-privado/","/los-mejores-tours-privados-en-barcelona-guia-para-elegir-el-perfecto/",301,plain
"/excursion-privada-de-barcelona-a-sitges-y-tarragona/","/las-mejores-rutas-escenicas-desde-barcelona-descubre-cataluna-en-coche/",301,plain
"/tour-de-compras-vip-en-barcelona-la-roca-village/","/como-elegir-el-mejor-servicio-de-traslado-para-eventos-especiales-en-barcelona/",301,plain
"/ruta-de-juego-de-tronos-tour-desde-barcelona-a-girona/","/guia-completa-de-traslados-desde-el-aeropuerto-de-barcelona/",301,plain
"/tour-privado-por-los-pueblos-medievales-de-cataluna-desde-barcelona/","/10-consejos-para-elegir-el-mejor-servicio-de-traslado-en-barcelona/",301,plain
"/recuperar-el-iva-en-el-aeropuerto/","/beneficios-de-usar-un-servicio-de-traslado-privado-en-barcelona/",301,plain
"/movilidad-vip-para-artistas-y-musicos-en-barcelona-discrecion-y-gran-capacidad-de-maletero-para-instrumentos/","/experiencias-unicas-tours-tematicos-en-barcelona/",301,plain
"/barcelona-seniors-comodidad-accesibilidad-vehiculos/","/diferencias-entre-servicios-de-traslado-taxi-vs-transfer-privado-en-barcelona/",301,plain
"/lonjas-de-pescado-en-la-costa-de-cataluna/","/como-escoger-el-mejor-servicio-de-transfer-en-barcelona-guia-completa/",301,plain
"/en/lonjas-de-pescado-en-la-costa-de-cataluna/","/en/como-escoger-el-mejor-servicio-de-transfer-en-barcelona-guia-completa/",301,plain
"^/?(en/)?por-que-elegir-traslados-para-la-operacion-salida-como-evitar-el-caos-en-el-prat-durante-el-inicio-de-vacaciones-3966/?(\?.*)?$","/$1traslado-privado-de-barcelona-a-madrid/$2",301,regex
"^/?(en/)?la-mejor-opcion-de-escapadas-de-un-dia-ruta-por-los-pueblos-blancos-de-la-costa-brava-en-transporte-privado-3753/?(\?.*)?$","/$1traslado-barcelona-a-valencia-en-coche-privado/$2",301,regex
"^/?(en/)?por-que-elegir-equipaje-sin-limites-por-que-la-mercedes-clase-v-es-la-mejor-opcion-para-familias-en-semana-santa-5756/?(\?.*)?$","/$1transfer-privado-barcelona-a-sevilla/$2",301,regex
"^/?(en/)?la-mejor-opcion-de-tranquilidad-en-el-puerto-traslados-directos-para-cruceros-que-salen-de-barcelona-este-marzo-2926/?(\?.*)?$","/$1traslado-barcelona-a-malaga-con-conductor-privado/$2",301,regex
"^/?(en/)?la-mejor-opcion-de-andorra-en-primavera-ultimos-dias-de-nieve-y-traslados-comodos-desde-el-aeropuerto-2319/?(\?.*)?$","/$1transfer-barcelona-a-zaragoza/$2",301,regex
"^/?(en/)?descubre-dia-del-padre-regala-una-experiencia-de-tour-privado-por-los-vinedos-del-penedes-7476/?(\?.*)?$","/$1traslado-privado-barcelona-a-bilbao/$2",301,regex
"^/?(en/)?descubre-turismo-religioso-traslados-a-montserrat-para-las-celebraciones-de-semana-santa-2318/?(\?.*)?$","/$1transfer-privado-barcelona-a-san-sebastian/$2",301,regex
"^/?(en/)?la-mejor-opcion-de-barcelona-gourmet-traslados-a-los-restaurantes-mas-exclusivos-para-cenas-de-primavera-8956/?(\?.*)?$","/$1traslado-barcelona-a-granada/$2",301,regex
"^/?(en/)?guia-completa-logistica-de-maletas-servicio-de-custodia-y-traslado-de-equipaje-para-escalas-largas-en-el-prat-3561/?(\?.*)?$","/$1transfer-barcelona-a-pamplona/$2",301,regex
"^/?(en/)?la-mejor-opcion-de-seguridad-infantil-sillas-homologadas-y-confort-en-todos-nuestros-traslados-familiares-6210/?(\?.*)?$","/$1traslado-privado-barcelona-a-alicante/$2",301,regex
"^/?(en/)?guia-completa-puntualidad-en-festivos-como-garantizamos-tu-recogida-incluso-en-dias-de-alta-demanda-8168/?(\?.*)?$","/$1traslado-barcelona-a-tarragona/$2",301,regex
"^/?(en/)?guia-completa-tour-de-gaudi-aprovecha-el-sol-de-marzo-para-visitar-la-sagrada-familia-sin-prisas-7721/?(\?.*)?$","/$1transfer-privado-barcelona-a-girona/$2",301,regex
"^/?(en/)?guia-completa-conexiones-interurbanas-traslados-de-barcelona-a-girona-rapidez-y-confort-4977/?(\?.*)?$","/$1transfer-barcelona-a-portaventura/$2",301,regex
"^/?(en/)?por-que-elegir-dia-mundial-del-teatro-traslados-a-los-mejores-espectaculos-del-paral-lel-8639/?(\?.*)?$","/$1traslado-barcelona-a-montserrat/$2",301,regex
"^/?(en/)?guia-completa-cambio-de-hora-como-ajustamos-nuestros-sistemas-para-que-tu-chofer-siempre-este-a-tiempo-1305/?(\?.*)?$","/$1transfer-privado-barcelona-a-costa-dorada/$2",301,regex
"^/?(en/)?guia-completa-primavera-de-negocios-la-importancia-de-un-chofer-privado-para-ejecutivos-en-abril-6512/?(\?.*)?$","/$1traslado-barcelona-a-costa-brava/$2",301,regex
"^/?(en/)?guia-completa-traslados-al-mwc-post-analisis-lecciones-de-movilidad-aprendidas-para-el-proximo-ano-3634/?(\?.*)?$","/$1transfer-privado-barcelona-a-andorra/$2",301,regex
"^/?(en/)?guia-completa-barcelona-open-banc-sabadell-traslados-exclusivos-al-real-club-de-tenis-barcelona-9443/?(\?.*)?$","/$1traslado-barcelona-a-lloret-de-mar/$2",301,regex
"^/?(en/)?guia-completa-logistica-para-congresos-como-coordinamos-flotas-para-eventos-medicos-en-la-fira-9648/?(\?.*)?$","/$1transfer-barcelona-a-cadaques/$2",301,regex
"^/?(en/)?la-mejor-opcion-de-dia-mundial-de-la-salud-traslados-medicos-privados-con-total-discrecion-4870/?(\?.*)?$","/$1traslado-privado-barcelona-a-figueres/$2",301,regex
"^/?(en/)?guia-completa-shopping-tour-visita-a-la-roca-village-con-chofer-privado-y-espacio-para-todas-tus-compras-1963/?(\?.*)?$","/$1transfer-barcelona-a-reus/$2",301,regex
"^/?(en/)?la-mejor-opcion-de-ruta-del-romanico-descubre-el-vall-de-boi-con-un-traslado-de-larga-distancia-8497/?(\?.*)?$","/$1traslado-privado-barcelona-a-lleida/$2",301,regex
"^/?(en/)?la-mejor-opcion-de-barcelona-desde-el-aire-traslados-combinados-con-tours-en-helicoptero-3169/?(\?.*)?$","/$1transfer-privado-barcelona-a-blanes/$2",301,regex
"^/?(en/)?por-que-elegir-atencion-24-7-por-que-nuestro-soporte-humano-marca-la-diferencia-frente-a-las-apps-4655/?(\?.*)?$","/$1traslado-barcelona-a-tossa-de-mar/$2",301,regex
"^/?(en/)?guia-completa-viajes-con-mascotas-traslados-pet-friendly-en-barcelona-viaja-con-tu-mejor-amigo-7127/?(\?.*)?$","/$1transfer-barcelona-a-perpinan/$2",301,regex
"^/?(en/)?descubre-traslados-a-la-costa-daurada-preparate-para-el-sol-de-abril-en-salou-y-cambrils-9672/?(\?.*)?$","/$1traslado-privado-barcelona-a-montpellier/$2",301,regex
"^/?(en/)?guia-completa-dia-de-las-americas-conectando-a-viajeros-internacionales-con-el-centro-de-barcelona-3798/?(\?.*)?$","/$1transfer-privado-barcelona-a-niza/$2",301,regex
"^/?(en/)?todo-lo-que-debes-saber-sobre-turismo-sostenible-nuestra-flota-hibrida-y-el-compromiso-con-el-medio-ambiente-8123/?(\?.*)?$","/$1traslado-privado-barcelona-a-marsella/$2",301,regex
"^/?(en/)?por-que-elegir-barcelona-de-noche-seguridad-y-estilo-para-tus-regresos-de-madrugada-7703/?(\?.*)?$","/$1transfer-barcelona-a-lyon/$2",301,regex
"^/?(en/)?todo-lo-que-debes-saber-sobre-traslados-vip-al-circuito-de-catalunya-preparate-para-la-velocidad-con-metransfers-2702/?(\?.*)?$","/$1traslado-privado-barcelona-a-lisboa/$2",301,regex
"^/?(en/)?descubre-visita-a-tarragona-historia-romana-a-solo-un-traslado-de-distancia-7775/?(\?.*)?$","/$1transfer-privado-barcelona-a-oporto/$2",301,regex
"^/?(en/)?la-mejor-opcion-de-eficiencia-en-el-aeropuerto-el-punto-de-encuentro-exacto-para-evitar-esperas-1705/?(\?.*)?$","/$1traslado-barcelona-a-monaco/$2",301,regex
"^/?(en/)?guia-completa-viajes-de-lujo-que-esperar-de-nuestra-categoria-premium-en-traslados-largos-9022/?(\?.*)?$","/$1transfer-privado-barcelona-a-milan/$2",301,regex
"^/?(en/)?guia-completa-dia-de-la-tierra-optimizando-rutas-para-reducir-emisiones-en-la-ciudad-4054/?(\?.*)?$","/$1traslado-privado-barcelona-a-ginebra/$2",301,regex
"^/?(en/)?guia-completa-especial-sant-jordi-traslados-romanticos-por-una-barcelona-llena-de-rosas-y-libros-6588/?(\?.*)?$","/$1transfer-privado-barcelona-a-toulouse/$2",301,regex
"^/?(en/)?guia-completa-logistica-de-libros-como-ayudamos-a-editoriales-con-traslados-rapidos-durante-sant-jordi-5693/?(\?.*)?$","/$1traslado-privado-barcelona-a-burdeos/$2",301,regex
"^/?(en/)?guia-completa-escapada-a-figueres-tras-el-rastro-de-dali-en-un-tour-privado-de-un-dia-4572/?(\?.*)?$","/$1transfer-privado-barcelona-a-munich/$2",301,regex
"^/?(en/)?descubre-conductor-por-horas-la-libertad-de-cambiar-de-planes-sin-preocuparte-por-el-parking-9588/?(\?.*)?$","/$1traslado-privado-aeropuerto-el-prat-a-barcelona/$2",301,regex
"^/?(en/)?por-que-elegir-traslados-a-montserrat-consejos-para-evitar-las-multitudes-en-primavera-7237/?(\?.*)?$","/$1transfer-privado-puerto-de-cruceros-barcelona/$2",301,regex
"^/?(en/)?descubre-dia-de-la-virgen-de-montserrat-guia-de-traslados-a-la-moreneta-5412/?(\?.*)?$","/$1conductor-por-horas-en-barcelona/$2",301,regex
"^/?(en/)?descubre-protocolo-vip-formacion-de-nuestros-conductores-en-atencion-al-cliente-de-alto-nivel-2270/?(\?.*)?$","/$1tour-privado-gaudi-en-barcelona/$2",301,regex
"^/?(en/)?descubre-traslados-a-cadaques-la-guia-definitiva-para-el-viaje-mas-pintoresco-de-catalunya-6468/?(\?.*)?$","/$1tour-panoramico-barcelona-en-coche-privado/$2",301,regex
"^/?(en/)?guia-completa-gastronomia-de-abril-traslados-a-las-mejores-calcotades-de-la-temporada-6972/?(\?.*)?$","/$1traslado-privado-barcelona-a-penedes/$2",301,regex
"^/?(en/)?todo-lo-que-debes-saber-sobre-barcelona-para-seniors-comodidad-y-accesibilidad-en-todos-nuestros-vehiculos-9650/?(\?.*)?$","/$1transfer-privado-barcelona-a-puigcerda/$2",301,regex
"^/?(en/)?guia-completa-facturacion-para-empresas-simplifica-tus-gastos-de-movilidad-con-merchan-dev-5166/?(\?.*)?$","/$1traslado-privado-barcelona-a-la-molina/$2",301,regex
"^/?(en/)?la-mejor-opcion-de-dia-del-trabajador-disponibilidad-total-de-nuestra-flota-en-dias-festivos-9236/?(\?.*)?$","/$1transfer-barcelona-a-san-sebastian-donostia/$2",301,regex
"^/?(en/)?guia-completa-girona-temps-de-flors-traslados-exclusivos-para-ver-la-ciudad-de-las-flores-9982/?(\?.*)?$","/$1traslado-privado-barcelona-a-cordoba/$2",301,regex
"^/?(en/)?la-mejor-opcion-de-preparativos-de-verano-reserva-tu-traslado-ahora-y-asegura-el-mejor-precio-para-julio-1970/?(\?.*)?$","/$1transfer-barcelona-a-toledo/$2",301,regex
"^/?(en/)?guia-completa-star-wars-day-tours-galacticos-por-la-arquitectura-moderna-de-barcelona-8795/?(\?.*)?$","/$1traslado-barcelona-a-la-costa-del-sol/$2",301,regex
"^/?(en/)?todo-lo-que-debes-saber-sobre-traslados-al-aeropuerto-de-reus-ampliamos-nuestras-rutas-para-tu-comodidad-6244/?(\?.*)?$","/$1transfer-privado-barcelona-a-delta-del-ebro/$2",301,regex
"^/?(en/)?guia-completa-eventos-corporativos-como-organizar-traslados-para-cenas-de-empresa-en-el-port-olimpic-2849/?(\?.*)?$","/$1traslado-privado-barcelona-a-begur/$2",301,regex
"^/?(en/)?guia-completa-dia-de-europa-conectando-las-principales-capitales-desde-el-prat-1999/?(\?.*)?$","/$1transfer-privado-barcelona-a-palafrugell/$2",301,regex
"^/?(en/)?por-que-elegir-turismo-de-cruceros-calendario-de-llegadas-al-puerto-de-barcelona-para-mayo-6450/?(\?.*)?$","/$1traslado-privado-barcelona-a-lestartit/$2",301,regex
"^/?(en/)?la-mejor-opcion-de-la-importancia-de-la-puntualidad-en-lunes-como-vencemos-el-trafico-matutino-9176/?(\?.*)?$","/$1transfer-barcelona-a-empuriabrava/$2",301,regex
"^/?(en/)?la-mejor-opcion-de-los-mejores-hoteles-con-terraza-en-barcelona-te-llevamos-al-afterwork-perfecto-6085/?(\?.*)?$","/$1traslado-privado-barcelona-a-roses/$2",301,regex
"^/?(en/)?descubre-dia-de-san-isidro-traslados-a-eventos-culturales-y-verbenas-locales-7969/?(\?.*)?$","/$1transfer-barcelona-a-lescala/$2",301,regex
"^/?(en/)?descubre-descubre-la-historia-y-las-obras-maestras-del-museo-picasso-en-barcelona-6111/?(\?.*)?$","/$1traslado-privado-barcelona-a-palamos/$2",301,regex
"^/?(en/)?descubre-transfer-privado-a-andorra-una-experiencia-de-lujo-para-explorar-los-encantos-de-este-hermoso-pais-9778/?(\?.*)?$","/$1transfer-barcelona-a-sant-feliu-de-guixols/$2",301,regex
"^/?(en/)?por-que-elegir-explorando-figueres-dali-y-las-joyas-de-la-costa-brava-8023/?(\?.*)?$","/$1traslado-privado-barcelona-a-platja-daro/$2",301,regex
"^/?(en/)?la-mejor-opcion-de-madrid-y-sus-encantos-9666/?(\?.*)?$","/$1transfer-privado-barcelona-a-tortosa/$2",301,regex
"^/?(en/)?todo-lo-que-debes-saber-sobre-lonjas-de-pescado-en-la-costa-de-cataluna-8116/?(\?.*)?$","/$1traslado-privado-barcelona-a-montblanc/$2",301,regex
"^/?(en/)?guia-completa-la-costa-dorada-6859/?(\?.*)?$","/$1transfer-privado-barcelona-a-mataro/$2",301,regex
"^/?(en/)?la-mejor-opcion-de-que-ver-en-montserrat-3789/?(\?.*)?$","/$1traslado-privado-barcelona-a-vic/$2",301,regex
"^/?(en/)?por-que-elegir-top-5-destinos-de-nieve-para-una-escapada-vip-desde-barcelona-con-metransfers-2703/?(\?.*)?$","/$1transfer-privado-barcelona-a-berga/$2",301,regex
"^/?(en/)?la-mejor-opcion-de-traslados-privados-de-barcelona-a-lloret-de-mar-tu-guia-completa-con-metransfers-3415/?(\?.*)?$","/$1traslado-privado-barcelona-a-manresa/$2",301,regex
"^/?(en/)?descubre-traslados-privados-de-barcelona-a-madrid-viaja-con-total-comodidad-y-exclusividad-1064/?(\?.*)?$","/$1transfer-privado-barcelona-a-terrassa/$2",301,regex
"^/?(en/)?por-que-elegir-el-camp-nou-y-el-sentimiento-cule-una-pasion-que-cruza-fronteras-con-metransfers-3757/?(\?.*)?$","/$1traslado-privado-barcelona-a-sabadell/$2",301,regex
"^/?(en/)?guia-completa-consejos-imprescindibles-para-tu-llegada-al-aeropuerto-de-barcelona-guia-practica-3553/?(\?.*)?$","/$1transfer-privado-barcelona-a-igualada/$2",301,regex
"^/?(en/)?guia-completa-5-razones-para-elegir-un-traslado-privado-en-tu-proxima-visita-a-barcelona-8049/?(\?.*)?$","/$1traslado-privado-barcelona-a-granollers/$2",301,regex
"^/?(en/)?guia-completa-traslados-puerta-a-puerta-la-forma-mas-segura-de-viajar-por-espana-8798/?(\?.*)?$","/$1transfer-privado-barcelona-a-martorell/$2",301,regex
"^/?(en/)?descubre-de-barcelona-a-andorra-tu-traslado-directo-a-la-nieve-3872/?(\?.*)?$","/$1traslado-privado-barcelona-a-peniscola/$2",301,regex
"^/?(en/)?descubre-el-placer-de-la-carretera-tu-traslado-privado-de-barcelona-a-lloret-de-mar-9454/?(\?.*)?$","/$1transfer-privado-barcelona-a-castellon/$2",301,regex
"^/?(en/)?todo-lo-que-debes-saber-sobre-5-iconos-de-lloret-de-mar-que-no-te-puedes-perder-8933/?(\?.*)?$","/$1traslado-privado-barcelona-a-murcia/$2",301,regex
"^/?(en/)?guia-completa-de-villa-de-pescadores-a-icono-mundial-la-historia-completa-de-lloret-de-mar-4850/?(\?.*)?$","/$1transfer-privado-barcelona-a-cartagena/$2",301,regex
"^/?(en/)?la-mejor-opcion-de-por-que-elegir-metransfers-tu-puerta-de-entrada-a-toda-espana-con-el-maximo-confort-8245/?(\?.*)?$","/$1traslado-privado-barcelona-a-benidorm/$2",301,regex
"^/?(en/)?por-que-elegir-mas-que-un-taxi-5-ventajas-de-elegir-un-transporte-privado-desde-barcelona-para-viajar-por-espana-9507/?(\?.*)?$","/$1transfer-privado-barcelona-a-andorra-esqui-compras-duty-free/$2",301,regex
"^/?(en/)?guia-completa-transporte-privado-para-el-mobile-world-congress-2026-guia-para-ejecutivos-6784/?(\?.*)?$","/$1traslado-privado-barcelona-a-biarritz/$2",301,regex
"^/?(en/)?descubre-como-ir-del-aeropuerto-de-bcn-a-portaventura-comparativa-de-opciones-7898/?(\?.*)?$","/$1transfer-privado-barcelona-a-carcasona/$2",301,regex
"^/?(en/)?todo-lo-que-debes-saber-sobre-transporte-en-barcelona-para-grupos-grandes-y-equipaje-extra-la-solucion-mercedes-clase-v-2755/?(\?.*)?$","/$1traslado-barcelona-a-andorra-guia-completa-para-viajar-con-coche-espanol/$2",301,regex
"^/?(en/)?por-que-elegir-los-5-mejores-restaurantes-con-estrella-michelin-en-barcelona-llega-con-estilo-1633/?(\?.*)?$","/$1transfer-privado-barcelona-a-paris/$2",301,regex
"^/?(en/)?la-mejor-opcion-de-mejores-empresas-de-traslados-en-barcelona-y-espana-top-10-ranking-2026-3795/?(\?.*)?$","/$1traslado-barcelona-a-san-sebastian/$2",301,regex
"^/?(en/)?descubre-de-barcelona-a-san-sebastian-guia-para-el-traslado-perfecto-1015/?(\?.*)?$","/$1guia-completa-viajar-en-coche-desde-espana-a-europa-con-documentos-espanoles/$2",301,regex
"^/?(en/)?todo-lo-que-debes-saber-sobre-barcelona-a-cadaques-la-guia-definitiva-para-un-traslado-sin-estres-8325/?(\?.*)?$","/$1traslado-vip-barcelona/$2",301,regex
"^/?(en/)?guia-completa-traslado-de-barcelona-a-reus-comodidad-y-puntualidad-en-cada-kilometro-5250/?(\?.*)?$","/$1transfer-para-grupos-barcelona/$2",301,regex
"^/?(en/)?guia-completa-private-transfer-barcelona-a-girona-la-forma-mas-exclusiva-de-viajar-9673/?(\?.*)?$","/$1traslado-privado-barcelona-a-genova/$2",301,regex
"^/?(en/)?todo-lo-que-debes-saber-sobre-aerolineas-que-operan-en-girona-guia-completa-y-mejores-opciones-de-traslado-4137/?(\?.*)?$","/$1transfer-privado-barcelona-a-turin/$2",301,regex
"^/?(en/)?guia-completa-guia-paso-a-paso-como-recuperar-el-iva-tax-free-en-el-aeropuerto-de-barcelona-7480/?(\?.*)?$","/$1traslado-privado-barcelona-a-zurich/$2",301,regex
"^/?(en/)?todo-lo-que-debes-saber-sobre-transporte-ejecutivo-en-el-mobile-world-congress-2026-excelencia-en-movilidad-privada-en-barcelona-8458/?(\?.*)?$","/$1transfer-privado-barcelona-a-basilea/$2",301,regex
"^/?(en/)?la-mejor-opcion-de-domine-el-mobile-world-congress-2026-la-estrategia-de-movilidad-que-define-su-exito-en-barcelona-1172/?(\?.*)?$","/$1traslado-privado-barcelona-a-luxemburgo/$2",301,regex
"^/?(en/)?guia-completa-por-que-metransfers-es-la-mejor-opcion-para-tus-traslados-en-barcelona-50-razones-que-marcan-la-diferencia-8089/?(\?.*)?$","/$1transfer-privado-barcelona-a-bruselas/$2",301,regex
"^/?(en/)?guia-completa-como-reservar-un-transfer-en-barcelona-en-menos-de-2-minutos-la-guia-rapida-de-metransfers-2235/?(\?.*)?$","/$1traslado-privado-barcelona-a-francfort/$2",301,regex
"^/?(en/)?todo-lo-que-debes-saber-sobre-tour-en-barcelona-excursion-privada-de-1-dia-personalizada-por-la-bcn-1789/?(\?.*)?$","/$1transfer-privado-barcelona-a-stuttgart/$2",301,regex
"^/?(en/)?por-que-elegir-como-disenar-tu-excursion-privada-de-1-dia-por-barcelona-con-metransfers-4151/?(\?.*)?$","/$1traslado-ejecutivo-barcelona/$2",301,regex
"^/?(en/)?guia-completa-chofer-a-disposicion-por-horas-en-barcelona-que-es-y-como-aprovecharlo-al-maximo-2053/?(\?.*)?$","/$1transfer-aeropuerto-el-prat/$2",301,regex
"^/?(en/)?guia-completa-tour-panoramico-por-barcelona-las-mejores-vistas-sin-bajar-de-tu-coche-privado-5711/?(\?.*)?$","/$1traslado-privado-barcelona-a-huesca/$2",301,regex
"^/?(en/)?descubre-barcelona-en-4-6-u-8-horas-elige-el-tour-en-coche-a-tu-medida-4144/?(\?.*)?$","/$1transfer-privado-barcelona-a-benasque/$2",301,regex
"^/?(en/)?guia-completa-excursion-de-1-dia-por-la-barcelona-de-gaudi-de-monumento-a-monumento-con-chofer-puerta-a-puerta-2706/?(\?.*)?$","/$1traslado-privado-barcelona-a-teruel/$2",301,regex
"^/?(en/)?guia-completa-conoce-nuestra-flota-los-vehiculos-de-alta-gama-para-tus-tours-por-barcelona-5020/?(\?.*)?$","/$1transfer-privado-barcelona-a-salamanca/$2",301,regex
"^/?(en/)?la-mejor-opcion-de-la-ventaja-de-un-conductor-local-rutas-sin-trafico-y-puntualidad-en-tu-tour-6197/?(\?.*)?$","/$1traslado-privado-barcelona-a-valladolid/$2",301,regex
"^/?(en/)?la-mejor-opcion-de-precios-cerrados-en-tus-tours-por-barcelona-viaja-sin-taximetros-ni-sorpresas-9609/?(\?.*)?$","/$1transfer-privado-barcelona-a-santander/$2",301,regex
"^/?(en/)?descubre-excursion-privada-a-montserrat-desde-bcn-el-viaje-mas-comodo-hasta-la-montana-3857/?(\?.*)?$","/$1traslado-privado-barcelona-a-la-rioja/$2",301,regex
"^/?(en/)?la-mejor-opcion-de-ruta-en-coche-de-1-dia-por-la-costa-brava-tu-eliges-los-pueblos-nosotros-conducimos-1787/?(\?.*)?$","/$1transfer-privado-barcelona-a-pamplona/$2",301,regex
"^/?(en/)?la-mejor-opcion-de-traslado-y-tour-de-un-dia-a-girona-transporte-exclusivo-desde-la-puerta-de-tu-hotel-6831/?(\?.*)?$","/$1traslado-privado-barcelona-a-oviedo/$2",301,regex
"^/?(en/)?guia-completa-de-barcelona-a-sitges-transporte-privado-para-una-escapada-perfecta-de-un-dia-8383/?(\?.*)?$","/$1transfer-privado-barcelona-a-santiago-de-compostela/$2",301,regex
"^/?(en/)?todo-lo-que-debes-saber-sobre-ruta-por-el-penedes-visita-las-bodegas-con-un-chofer-privado-y-disfruta-sin-preocuparte-por-conducir-2990/?(\?.*)?$","/$1traslado-privado-barcelona-a-palma/$2",301,regex
"^/?(en/)?guia-completa-excursion-a-figueres-en-coche-privado-la-forma-mas-directa-de-llegar-al-museo-dali-5752/?(\?.*)?$","/$1transfer-privado-barcelona-a-andorra-para-spa/$2",301,regex
"^/?(en/)?descubre-ruta-de-los-pueblos-medievales-de-cataluna-tu-itinerario-personalizado-en-vehiculo-privado-4534/?(\?.*)?$","/$1guia-de-traslados-desde-barcelona-a-francia/$2",301,regex
"^/?(en/)?la-mejor-opcion-de-excursiones-de-un-dia-para-grupos-de-hasta-7-personas-todos-juntos-en-un-solo-vehiculo-5779/?(\?.*)?$","/$1traslado-privado-barcelona-a-portugal/$2",301,regex
"^/?(en/)?descubre-mucho-equipaje-cero-problemas-traslados-espaciosos-para-cruceristas-y-familias-3761/?(\?.*)?$","/$1transfer-privado-barcelona-a-narbona/$2",301,regex
"^/?(en/)?la-mejor-opcion-de-recogida-vip-en-el-aeropuerto-del-prat-que-pasa-cuando-tu-chofer-te-espera-con-un-cartel-5880/?(\?.*)?$","/$1traslado-privado-barcelona-a-avignon/$2",301,regex
"^/?(en/)?la-mejor-opcion-de-movilidad-para-congresos-en-barcelona-traslados-directos-del-aeropuerto-a-fira-barcelona-o-tu-hotel-9579/?(\?.*)?$","/$1transfer-privado-barcelona-a-nimes/$2",301,regex
"^/?(en/)?descubre-transporte-ejecutivo-en-barcelona-vehiculos-oscuros-discrecion-y-maxima-puntualidad-1999/?(\?.*)?$","/$1traslado-privado-barcelona-a-lourdes/$2",301,regex
"^/?(en/)?la-mejor-opcion-de-roadshows-financieros-y-de-negocios-optimiza-tus-reuniones-en-barcelona-con-un-chofer-a-disposicion-3489/?(\?.*)?$","/$1transfer-privado-barcelona-a-albi/$2",301,regex
"^/?(en/)?guia-completa-traslados-para-eventos-nocturnos-o-cenas-de-gala-en-barcelona-llega-con-estilo-y-regresa-con-seguridad-1826/?(\?.*)?$","/$1traslado-privado-barcelona-a-montserrat-para-grupos/$2",301,regex
"^/?(en/)?todo-lo-que-debes-saber-sobre-operativa-de-salidas-vip-del-hotel-al-prat-sin-estres-tras-una-intensa-semana-de-negocios-7483/?(\?.*)?$","/$1transfer-privado-barcelona-a-costa-brava/$2",301,regex
"^/?(en/)?guia-completa-escala-de-crucero-en-barcelona-tour-expres-en-coche-privado-desde-el-puerto-y-regreso-a-tiempo-2315/?(\?.*)?$","/$1traslado-privado-barcelona-a-ceret/$2",301,regex
"^/?(en/)?todo-lo-que-debes-saber-sobre-movilidad-segura-y-exclusiva-para-mujeres-ejecutivas-en-barcelona-6121/?(\?.*)?$","/$1transfer-privado-barcelona-a-le-perthus/$2",301,regex
"^/?(en/)?guia-completa-logistica-de-movilidad-para-delegaciones-medicas-preparandonos-para-los-congresos-de-primavera-en-barcelona-9184/?(\?.*)?$","/$1traslado-privado-barcelona-boda/$2",301,regex
"^/?(en/)?descubre-traslados-corporativos-al-ccib-puntualidad-garantizada-para-ponentes-e-invitados-vip-3920/?(\?.*)?$","/$1transfer-privado-barcelona-a-murcia-por-la-autopista-del-mediterraneo/$2",301,regex
"^/?(en/)?descubre-alquiler-de-coche-con-conductor-por-horas-la-solucion-a-la-agenda-impredecible-de-los-congresos-en-barcelona-7141/?(\?.*)?$","/$1traslado-privado-barcelona-a-covadonga/$2",301,regex
"^/?(en/)?la-mejor-opcion-de-gestion-de-equipaje-en-escalas-cortas-haz-tu-tour-por-barcelona-mientras-tus-maletas-van-seguras-en-el-maletero-7703/?(\?.*)?$","/$1transfer-privado-barcelona-a-costa-verde/$2",301,regex
"^/?(en/)?guia-completa-fiestas-de-sant-josep-oriol-transporte-privado-al-barrio-gotico-sin-preocuparte-por-el-aparcamiento-2933/?(\?.*)?$","/$1traslado-privado-barcelona-a-gibraltar/$2",301,regex
"^/?(en/)?la-mejor-opcion-de-movilidad-vip-para-artistas-y-musicos-en-barcelona-discrecion-y-gran-capacidad-de-maletero-para-instrumentos-4906/?(\?.*)?$","/$1transfer-privado-barcelona-a-albarracin/$2",301,regex
"^/?(en/)?la-mejor-opcion-de-reserva-tu-traslado-de-primavera-con-antelacion-evita-las-largas-colas-de-taxis-en-el-prat-7702/?(\?.*)?$","/$1traslado-privado-barcelona-noche/$2",301,regex
"^/?(en/)?taxis-de-lujo-en-barcelona-viaja-con-estilo/?(\?.*)?$","/$1por-que-elegir-un-servicio-de-traslado-privado-en-barcelona/$2",301,regex
"^/?(en/)?taxis-para-grupos-en-barcelona-furgonetas-y-minivans/?(\?.*)?$","/$1guia-de-testimonios-clientes-satisfechos-con-nuestros-servicios-de-traslado-en-barcelona/$2",301,regex
"^/?(en/)?taxi-privado-desde-barcelona-a-la-costa-brava/?(\?.*)?$","/$1los-mejores-servicios-de-traslado-para-grupos-en-barcelona/$2",301,regex
"^/?(en/)?tour-privado-por-barcelona-descubre-la-magia-de-gaudi/?(\?.*)?$","/$1como-aprovechar-al-maximo-tu-traslado-privado-en-barcelona/$2",301,regex
"^/?(en/)?excursion-privada-desde-barcelona-a-montserrat/?(\?.*)?$","/$1las-mejores-aplicaciones-de-transfer-en-barcelona-compara-y-encuentra/$2",301,regex
"^/?(en/)?tour-privado-desde-barcelona-a-girona-y-museo-dali/?(\?.*)?$","/$1como-planificar-un-viaje-perfecto-en-barcelona-guia-completa/$2",301,regex
"^/?(en/)?ruta-de-vinos-y-cava-por-el-penedes-desde-barcelona/?(\?.*)?$","/$1guia-completa-de-transporte-en-barcelona-todo-lo-que-necesitas-saber/$2",301,regex
"^/?(en/)?tour-panoramico-por-barcelona-en-coche-privado/?(\?.*)?$","/$1los-mejores-tours-privados-en-barcelona-guia-para-elegir-el-perfecto/$2",301,regex
"^/?(en/)?excursion-privada-de-barcelona-a-sitges-y-tarragona/?(\?.*)?$","/$1las-mejores-rutas-escenicas-desde-barcelona-descubre-cataluna-en-coche/$2",301,regex
"^/?(en/)?tour-de-compras-vip-en-barcelona-la-roca-village/?(\?.*)?$","/$1como-elegir-el-mejor-servicio-de-traslado-para-eventos-especiales-en-barcelona/$2",301,regex
"^/?(en/)?ruta-de-juego-de-tronos-tour-desde-barcelona-a-girona/?(\?.*)?$","/$1guia-completa-de-traslados-desde-el-aeropuerto-de-barcelona/$2",301,regex
"^/?tour-privado-por-los-pueblos-medievales-de-cataluna-desde-barcelona/?(\?.*)?$","/10-consejos-para-elegir-el-mejor-servicio-de-traslado-en-barcelona/$1",301,regex
"^/?(en/)?recuperar-el-iva-en-el-aeropuerto/?(\?.*)?$","/$1beneficios-de-usar-un-servicio-de-traslado-privado-en-barcelona/$2",301,regex
"^/?(en/)?movilidad-vip-para-artistas-y-musicos-en-barcelona-discrecion-y-gran-capacidad-de-maletero-para-instrumentos/?(\?.*)?$","/$1experiencias-unicas-tours-tematicos-en-barcelona/$2",301,regex
"^/?(en/)?barcelona-seniors-comodidad-accesibilidad-vehiculos/?(\?.*)?$","/$1diferencias-entre-servicios-de-traslado-taxi-vs-transfer-privado-en-barcelona/$2",301,regex
"^/?(en/)?lonjas-de-pescado-en-la-costa-de-cataluna/?\?(.*)$","/$1como-escoger-el-mejor-servicio-de-transfer-en-barcelona-guia-completa/?$2",301,regex
"^/?en/la-mejor-opcion-de-escapadas-de-un-dia-ruta-por-los-pueblos-blancos-de-la-costa-brava-en-transporte-privado-3753/?(\?.*)?$","/en/traslado-barcelona-a-valencia-en-coche-privado/$1",301,regex
"^/?en/por-que-elegir-equipaje-sin-limites-por-que-la-mercedes-clase-v-es-la-mejor-opcion-para-familias-en-semana-santa-5756/?(\?.*)?$","/en/transfer-privado-barcelona-a-sevilla/$1",301,regex
"^/?en/la-mejor-opcion-de-tranquilidad-en-el-puerto-traslados-directos-para-cruceros-que-salen-de-barcelona-este-marzo-2926/?(\?.*)?$","/en/traslado-barcelona-a-malaga-con-conductor-privado/$1",301,regex
"^/?en/la-mejor-opcion-de-andorra-en-primavera-ultimos-dias-de-nieve-y-traslados-comodos-desde-el-aeropuerto-2319/?(\?.*)?$","/en/transfer-barcelona-a-zaragoza/$1",301,regex
"^/?en/descubre-dia-del-padre-regala-una-experiencia-de-tour-privado-por-los-vinedos-del-penedes-7476/?(\?.*)?$","/en/traslado-privado-barcelona-a-bilbao/$1",301,regex
"^/?en/descubre-turismo-religioso-traslados-a-montserrat-para-las-celebraciones-de-semana-santa-2318/?(\?.*)?$","/en/transfer-privado-barcelona-a-san-sebastian/$1",301,regex
"^/?en/la-mejor-opcion-de-barcelona-gourmet-traslados-a-los-restaurantes-mas-exclusivos-para-cenas-de-primavera-8956/?(\?.*)?$","/en/traslado-barcelona-a-granada/$1",301,regex
"^/?en/guia-completa-logistica-de-maletas-servicio-de-custodia-y-traslado-de-equipaje-para-escalas-largas-en-el-prat-3561/?(\?.*)?$","/en/transfer-barcelona-a-pamplona/$1",301,regex
"^/?en/la-mejor-opcion-de-seguridad-infantil-sillas-homologadas-y-confort-en-todos-nuestros-traslados-familiares-6210/?(\?.*)?$","/en/traslado-privado-barcelona-a-alicante/$1",301,regex
"^/?en/guia-completa-puntualidad-en-festivos-como-garantizamos-tu-recogida-incluso-en-dias-de-alta-demanda-8168/?(\?.*)?$","/en/traslado-barcelona-a-tarragona/$1",301,regex
"^/?en/guia-completa-tour-de-gaudi-aprovecha-el-sol-de-marzo-para-visitar-la-sagrada-familia-sin-prisas-7721/?(\?.*)?$","/en/transfer-privado-barcelona-a-girona/$1",301,regex
"^/?en/guia-completa-conexiones-interurbanas-traslados-de-barcelona-a-girona-rapidez-y-confort-4977/?(\?.*)?$","/en/transfer-barcelona-a-portaventura/$1",301,regex
"^/?en/por-que-elegir-dia-mundial-del-teatro-traslados-a-los-mejores-espectaculos-del-paral-lel-8639/?(\?.*)?$","/en/traslado-barcelona-a-montserrat/$1",301,regex
"^/?en/guia-completa-cambio-de-hora-como-ajustamos-nuestros-sistemas-para-que-tu-chofer-siempre-este-a-tiempo-1305/?(\?.*)?$","/en/transfer-privado-barcelona-a-costa-dorada/$1",301,regex
"^/?en/guia-completa-primavera-de-negocios-la-importancia-de-un-chofer-privado-para-ejecutivos-en-abril-6512/?(\?.*)?$","/en/traslado-barcelona-a-costa-brava/$1",301,regex
"^/?en/guia-completa-traslados-al-mwc-post-analisis-lecciones-de-movilidad-aprendidas-para-el-proximo-ano-3634/?(\?.*)?$","/en/transfer-privado-barcelona-a-andorra/$1",301,regex
"^/?en/guia-completa-barcelona-open-banc-sabadell-traslados-exclusivos-al-real-club-de-tenis-barcelona-9443/?(\?.*)?$","/en/traslado-barcelona-a-lloret-de-mar/$1",301,regex
"^/?en/guia-completa-logistica-para-congresos-como-coordinamos-flotas-para-eventos-medicos-en-la-fira-9648/?(\?.*)?$","/en/transfer-barcelona-a-cadaques/$1",301,regex
"^/?en/la-mejor-opcion-de-dia-mundial-de-la-salud-traslados-medicos-privados-con-total-discrecion-4870/?(\?.*)?$","/en/traslado-privado-barcelona-a-figueres/$1",301,regex
"^/?en/guia-completa-shopping-tour-visita-a-la-roca-village-con-chofer-privado-y-espacio-para-todas-tus-compras-1963/?(\?.*)?$","/en/transfer-barcelona-a-reus/$1",301,regex
"^/?en/la-mejor-opcion-de-ruta-del-romanico-descubre-el-vall-de-boi-con-un-traslado-de-larga-distancia-8497/?(\?.*)?$","/en/traslado-privado-barcelona-a-lleida/$1",301,regex
"^/?en/la-mejor-opcion-de-barcelona-desde-el-aire-traslados-combinados-con-tours-en-helicoptero-3169/?(\?.*)?$","/en/transfer-privado-barcelona-a-blanes/$1",301,regex
"^/?en/por-que-elegir-atencion-24-7-por-que-nuestro-soporte-humano-marca-la-diferencia-frente-a-las-apps-4655/?(\?.*)?$","/en/traslado-barcelona-a-tossa-de-mar/$1",301,regex
"^/?en/guia-completa-viajes-con-mascotas-traslados-pet-friendly-en-barcelona-viaja-con-tu-mejor-amigo-7127/?(\?.*)?$","/en/transfer-barcelona-a-perpinan/$1",301,regex
"^/?en/descubre-traslados-a-la-costa-daurada-preparate-para-el-sol-de-abril-en-salou-y-cambrils-9672/?(\?.*)?$","/en/traslado-privado-barcelona-a-montpellier/$1",301,regex
"^/?en/guia-completa-dia-de-las-americas-conectando-a-viajeros-internacionales-con-el-centro-de-barcelona-3798/?(\?.*)?$","/en/transfer-privado-barcelona-a-niza/$1",301,regex
"^/?en/todo-lo-que-debes-saber-sobre-turismo-sostenible-nuestra-flota-hibrida-y-el-compromiso-con-el-medio-ambiente-8123/?(\?.*)?$","/en/traslado-privado-barcelona-a-marsella/$1",301,regex
"^/?en/por-que-elegir-barcelona-de-noche-seguridad-y-estilo-para-tus-regresos-de-madrugada-7703/?(\?.*)?$","/en/transfer-barcelona-a-lyon/$1",301,regex
"^/?en/todo-lo-que-debes-saber-sobre-traslados-vip-al-circuito-de-catalunya-preparate-para-la-velocidad-con-metransfers-2702/?(\?.*)?$","/en/traslado-privado-barcelona-a-lisboa/$1",301,regex
"^/?en/descubre-visita-a-tarragona-historia-romana-a-solo-un-traslado-de-distancia-7775/?(\?.*)?$","/en/transfer-privado-barcelona-a-oporto/$1",301,regex
"^/?en/la-mejor-opcion-de-eficiencia-en-el-aeropuerto-el-punto-de-encuentro-exacto-para-evitar-esperas-1705/?(\?.*)?$","/en/traslado-barcelona-a-monaco/$1",301,regex
"^/?en/guia-completa-viajes-de-lujo-que-esperar-de-nuestra-categoria-premium-en-traslados-largos-9022/?(\?.*)?$","/en/transfer-privado-barcelona-a-milan/$1",301,regex
"^/?en/guia-completa-dia-de-la-tierra-optimizando-rutas-para-reducir-emisiones-en-la-ciudad-4054/?(\?.*)?$","/en/traslado-privado-barcelona-a-ginebra/$1",301,regex
"^/?en/guia-completa-especial-sant-jordi-traslados-romanticos-por-una-barcelona-llena-de-rosas-y-libros-6588/?(\?.*)?$","/en/transfer-privado-barcelona-a-toulouse/$1",301,regex
"^/?en/guia-completa-logistica-de-libros-como-ayudamos-a-editoriales-con-traslados-rapidos-durante-sant-jordi-5693/?(\?.*)?$","/en/traslado-privado-barcelona-a-burdeos/$1",301,regex
"^/?en/guia-completa-escapada-a-figueres-tras-el-rastro-de-dali-en-un-tour-privado-de-un-dia-4572/?(\?.*)?$","/en/transfer-privado-barcelona-a-munich/$1",301,regex
"^/?en/descubre-conductor-por-horas-la-libertad-de-cambiar-de-planes-sin-preocuparte-por-el-parking-9588/?(\?.*)?$","/en/traslado-privado-aeropuerto-el-prat-a-barcelona/$1",301,regex
"^/?en/por-que-elegir-traslados-a-montserrat-consejos-para-evitar-las-multitudes-en-primavera-7237/?(\?.*)?$","/en/transfer-privado-puerto-de-cruceros-barcelona/$1",301,regex
"^/?en/descubre-dia-de-la-virgen-de-montserrat-guia-de-traslados-a-la-moreneta-5412/?(\?.*)?$","/en/conductor-por-horas-en-barcelona/$1",301,regex
"^/?en/descubre-protocolo-vip-formacion-de-nuestros-conductores-en-atencion-al-cliente-de-alto-nivel-2270/?(\?.*)?$","/en/tour-privado-gaudi-en-barcelona/$1",301,regex
"^/?en/descubre-traslados-a-cadaques-la-guia-definitiva-para-el-viaje-mas-pintoresco-de-catalunya-6468/?(\?.*)?$","/en/tour-panoramico-barcelona-en-coche-privado/$1",301,regex
"^/?en/guia-completa-gastronomia-de-abril-traslados-a-las-mejores-calcotades-de-la-temporada-6972/?(\?.*)?$","/en/traslado-privado-barcelona-a-penedes/$1",301,regex
"^/?en/todo-lo-que-debes-saber-sobre-barcelona-para-seniors-comodidad-y-accesibilidad-en-todos-nuestros-vehiculos-9650/?(\?.*)?$","/en/transfer-privado-barcelona-a-puigcerda/$1",301,regex
"^/?en/guia-completa-facturacion-para-empresas-simplifica-tus-gastos-de-movilidad-con-merchan-dev-5166/?(\?.*)?$","/en/traslado-privado-barcelona-a-la-molina/$1",301,regex
"^/?en/la-mejor-opcion-de-dia-del-trabajador-disponibilidad-total-de-nuestra-flota-en-dias-festivos-9236/?(\?.*)?$","/en/transfer-barcelona-a-san-sebastian-donostia/$1",301,regex
"^/?en/guia-completa-girona-temps-de-flors-traslados-exclusivos-para-ver-la-ciudad-de-las-flores-9982/?(\?.*)?$","/en/traslado-privado-barcelona-a-cordoba/$1",301,regex
"^/?en/la-mejor-opcion-de-preparativos-de-verano-reserva-tu-traslado-ahora-y-asegura-el-mejor-precio-para-julio-1970/?(\?.*)?$","/en/transfer-barcelona-a-toledo/$1",301,regex
"^/?en/guia-completa-star-wars-day-tours-galacticos-por-la-arquitectura-moderna-de-barcelona-8795/?(\?.*)?$","/en/traslado-barcelona-a-la-costa-del-sol/$1",301,regex
"^/?en/todo-lo-que-debes-saber-sobre-traslados-al-aeropuerto-de-reus-ampliamos-nuestras-rutas-para-tu-comodidad-6244/?(\?.*)?$","/en/transfer-privado-barcelona-a-delta-del-ebro/$1",301,regex
"^/?en/guia-completa-eventos-corporativos-como-organizar-traslados-para-cenas-de-empresa-en-el-port-olimpic-2849/?(\?.*)?$","/en/traslado-privado-barcelona-a-begur/$1",301,regex
"^/?en/guia-completa-dia-de-europa-conectando-las-principales-capitales-desde-el-prat-1999/?(\?.*)?$","/en/transfer-privado-barcelona-a-palafrugell/$1",301,regex
"^/?en/por-que-elegir-turismo-de-cruceros-calendario-de-llegadas-al-puerto-de-barcelona-para-mayo-6450/?(\?.*)?$","/en/traslado-privado-barcelona-a-lestartit/$1",301,regex
"^/?en/la-mejor-opcion-de-la-importancia-de-la-puntualidad-en-lunes-como-vencemos-el-trafico-matutino-9176/?(\?.*)?$","/en/transfer-barcelona-a-empuriabrava/$1",301,regex
"^/?en/la-mejor-opcion-de-los-mejores-hoteles-con-terraza-en-barcelona-te-llevamos-al-afterwork-perfecto-6085/?(\?.*)?$","/en/traslado-privado-barcelona-a-roses/$1",301,regex
"^/?en/descubre-dia-de-san-isidro-traslados-a-eventos-culturales-y-verbenas-locales-7969/?(\?.*)?$","/en/transfer-barcelona-a-lescala/$1",301,regex
"^/?en/descubre-descubre-la-historia-y-las-obras-maestras-del-museo-picasso-en-barcelona-6111/?(\?.*)?$","/en/traslado-privado-barcelona-a-palamos/$1",301,regex
"^/?en/descubre-transfer-privado-a-andorra-una-experiencia-de-lujo-para-explorar-los-encantos-de-este-hermoso-pais-9778/?(\?.*)?$","/en/transfer-barcelona-a-sant-feliu-de-guixols/$1",301,regex
"^/?en/por-que-elegir-explorando-figueres-dali-y-las-joyas-de-la-costa-brava-8023/?(\?.*)?$","/en/traslado-privado-barcelona-a-platja-daro/$1",301,regex
"^/?en/la-mejor-opcion-de-madrid-y-sus-encantos-9666/?(\?.*)?$","/en/transfer-privado-barcelona-a-tortosa/$1",301,regex
"^/?en/todo-lo-que-debes-saber-sobre-lonjas-de-pescado-en-la-costa-de-cataluna-8116/?(\?.*)?$","/en/traslado-privado-barcelona-a-montblanc/$1",301,regex
"^/?en/guia-completa-la-costa-dorada-6859/?(\?.*)?$","/en/transfer-privado-barcelona-a-mataro/$1",301,regex
"^/?en/la-mejor-opcion-de-que-ver-en-montserrat-3789/?(\?.*)?$","/en/traslado-privado-barcelona-a-vic/$1",301,regex
"^/?en/por-que-elegir-top-5-destinos-de-nieve-para-una-escapada-vip-desde-barcelona-con-metransfers-2703/?(\?.*)?$","/en/transfer-privado-barcelona-a-berga/$1",301,regex
"^/?en/la-mejor-opcion-de-traslados-privados-de-barcelona-a-lloret-de-mar-tu-guia-completa-con-metransfers-3415/?(\?.*)?$","/en/traslado-privado-barcelona-a-manresa/$1",301,regex
"^/?en/descubre-traslados-privados-de-barcelona-a-madrid-viaja-con-total-comodidad-y-exclusividad-1064/?(\?.*)?$","/en/transfer-privado-barcelona-a-terrassa/$1",301,regex
"^/?en/por-que-elegir-el-camp-nou-y-el-sentimiento-cule-una-pasion-que-cruza-fronteras-con-metransfers-3757/?(\?.*)?$","/en/traslado-privado-barcelona-a-sabadell/$1",301,regex
"^/?en/guia-completa-consejos-imprescindibles-para-tu-llegada-al-aeropuerto-de-barcelona-guia-practica-3553/?(\?.*)?$","/en/transfer-privado-barcelona-a-igualada/$1",301,regex
"^/?en/guia-completa-5-razones-para-elegir-un-traslado-privado-en-tu-proxima-visita-a-barcelona-8049/?(\?.*)?$","/en/traslado-privado-barcelona-a-granollers/$1",301,regex
"^/?en/guia-completa-traslados-puerta-a-puerta-la-forma-mas-segura-de-viajar-por-espana-8798/?(\?.*)?$","/en/transfer-privado-barcelona-a-martorell/$1",301,regex
"^/?en/descubre-de-barcelona-a-andorra-tu-traslado-directo-a-la-nieve-3872/?(\?.*)?$","/en/traslado-privado-barcelona-a-peniscola/$1",301,regex
"^/?en/descubre-el-placer-de-la-carretera-tu-traslado-privado-de-barcelona-a-lloret-de-mar-9454/?(\?.*)?$","/en/transfer-privado-barcelona-a-castellon/$1",301,regex
"^/?en/todo-lo-que-debes-saber-sobre-5-iconos-de-lloret-de-mar-que-no-te-puedes-perder-8933/?(\?.*)?$","/en/traslado-privado-barcelona-a-murcia/$1",301,regex
"^/?en/guia-completa-de-villa-de-pescadores-a-icono-mundial-la-historia-completa-de-lloret-de-mar-4850/?(\?.*)?$","/en/transfer-privado-barcelona-a-cartagena/$1",301,regex
"^/?en/la-mejor-opcion-de-por-que-elegir-metransfers-tu-puerta-de-entrada-a-toda-espana-con-el-maximo-confort-8245/?(\?.*)?$","/en/traslado-privado-barcelona-a-benidorm/$1",301,regex
"^/?en/por-que-elegir-mas-que-un-taxi-5-ventajas-de-elegir-un-transporte-privado-desde-barcelona-para-viajar-por-espana-9507/?(\?.*)?$","/en/transfer-privado-barcelona-a-andorra-esqui-compras-duty-free/$1",301,regex
"^/?en/guia-completa-transporte-privado-para-el-mobile-world-congress-2026-guia-para-ejecutivos-6784/?(\?.*)?$","/en/traslado-privado-barcelona-a-biarritz/$1",301,regex
"^/?en/descubre-como-ir-del-aeropuerto-de-bcn-a-portaventura-comparativa-de-opciones-7898/?(\?.*)?$","/en/transfer-privado-barcelona-a-carcasona/$1",301,regex
"^/?en/todo-lo-que-debes-saber-sobre-transporte-en-barcelona-para-grupos-grandes-y-equipaje-extra-la-solucion-mercedes-clase-v-2755/?(\?.*)?$","/en/traslado-barcelona-a-andorra-guia-completa-para-viajar-con-coche-espanol/$1",301,regex
"^/?en/por-que-elegir-los-5-mejores-restaurantes-con-estrella-michelin-en-barcelona-llega-con-estilo-1633/?(\?.*)?$","/en/transfer-privado-barcelona-a-paris/$1",301,regex
"^/?en/la-mejor-opcion-de-mejores-empresas-de-traslados-en-barcelona-y-espana-top-10-ranking-2026-3795/?(\?.*)?$","/en/traslado-barcelona-a-san-sebastian/$1",301,regex
"^/?en/descubre-de-barcelona-a-san-sebastian-guia-para-el-traslado-perfecto-1015/?(\?.*)?$","/en/guia-completa-viajar-en-coche-desde-espana-a-europa-con-documentos-espanoles/$1",301,regex
"^/?en/todo-lo-que-debes-saber-sobre-barcelona-a-cadaques-la-guia-definitiva-para-un-traslado-sin-estres-8325/?(\?.*)?$","/en/traslado-vip-barcelona/$1",301,regex
"^/?en/guia-completa-traslado-de-barcelona-a-reus-comodidad-y-puntualidad-en-cada-kilometro-5250/?(\?.*)?$","/en/transfer-para-grupos-barcelona/$1",301,regex
"^/?en/guia-completa-private-transfer-barcelona-a-girona-la-forma-mas-exclusiva-de-viajar-9673/?(\?.*)?$","/en/traslado-privado-barcelona-a-genova/$1",301,regex
"^/?en/todo-lo-que-debes-saber-sobre-aerolineas-que-operan-en-girona-guia-completa-y-mejores-opciones-de-traslado-4137/?(\?.*)?$","/en/transfer-privado-barcelona-a-turin/$1",301,regex
"^/?en/guia-completa-guia-paso-a-paso-como-recuperar-el-iva-tax-free-en-el-aeropuerto-de-barcelona-7480/?(\?.*)?$","/en/traslado-privado-barcelona-a-zurich/$1",301,regex
"^/?en/todo-lo-que-debes-saber-sobre-transporte-ejecutivo-en-el-mobile-world-congress-2026-excelencia-en-movilidad-privada-en-barcelona-8458/?(\?.*)?$","/en/transfer-privado-barcelona-a-basilea/$1",301,regex
"^/?en/la-mejor-opcion-de-domine-el-mobile-world-congress-2026-la-estrategia-de-movilidad-que-define-su-exito-en-barcelona-1172/?(\?.*)?$","/en/traslado-privado-barcelona-a-luxemburgo/$1",301,regex
"^/?en/guia-completa-por-que-metransfers-es-la-mejor-opcion-para-tus-traslados-en-barcelona-50-razones-que-marcan-la-diferencia-8089/?(\?.*)?$","/en/transfer-privado-barcelona-a-bruselas/$1",301,regex
"^/?en/guia-completa-como-reservar-un-transfer-en-barcelona-en-menos-de-2-minutos-la-guia-rapida-de-metransfers-2235/?(\?.*)?$","/en/traslado-privado-barcelona-a-francfort/$1",301,regex
"^/?en/todo-lo-que-debes-saber-sobre-tour-en-barcelona-excursion-privada-de-1-dia-personalizada-por-la-bcn-1789/?(\?.*)?$","/en/transfer-privado-barcelona-a-stuttgart/$1",301,regex
"^/?en/por-que-elegir-como-disenar-tu-excursion-privada-de-1-dia-por-barcelona-con-metransfers-4151/?(\?.*)?$","/en/traslado-ejecutivo-barcelona/$1",301,regex
"^/?en/guia-completa-chofer-a-disposicion-por-horas-en-barcelona-que-es-y-como-aprovecharlo-al-maximo-2053/?(\?.*)?$","/en/transfer-aeropuerto-el-prat/$1",301,regex
"^/?en/guia-completa-tour-panoramico-por-barcelona-las-mejores-vistas-sin-bajar-de-tu-coche-privado-5711/?(\?.*)?$","/en/traslado-privado-barcelona-a-huesca/$1",301,regex
"^/?en/descubre-barcelona-en-4-6-u-8-horas-elige-el-tour-en-coche-a-tu-medida-4144/?(\?.*)?$","/en/transfer-privado-barcelona-a-benasque/$1",301,regex
"^/?en/guia-completa-excursion-de-1-dia-por-la-barcelona-de-gaudi-de-monumento-a-monumento-con-chofer-puerta-a-puerta-2706/?(\?.*)?$","/en/traslado-privado-barcelona-a-teruel/$1",301,regex
"^/?en/guia-completa-conoce-nuestra-flota-los-vehiculos-de-alta-gama-para-tus-tours-por-barcelona-5020/?(\?.*)?$","/en/transfer-privado-barcelona-a-salamanca/$1",301,regex
"^/?en/la-mejor-opcion-de-la-ventaja-de-un-conductor-local-rutas-sin-trafico-y-puntualidad-en-tu-tour-6197/?(\?.*)?$","/en/traslado-privado-barcelona-a-valladolid/$1",301,regex
"^/?en/la-mejor-opcion-de-precios-cerrados-en-tus-tours-por-barcelona-viaja-sin-taximetros-ni-sorpresas-9609/?(\?.*)?$","/en/transfer-privado-barcelona-a-santander/$1",301,regex
"^/?en/descubre-excursion-privada-a-montserrat-desde-bcn-el-viaje-mas-comodo-hasta-la-montana-3857/?(\?.*)?$","/en/traslado-privado-barcelona-a-la-rioja/$1",301,regex
"^/?en/la-mejor-opcion-de-ruta-en-coche-de-1-dia-por-la-costa-brava-tu-eliges-los-pueblos-nosotros-conducimos-1787/?(\?.*)?$","/en/transfer-privado-barcelona-a-pamplona/$1",301,regex
"^/?en/la-mejor-opcion-de-traslado-y-tour-de-un-dia-a-girona-transporte-exclusivo-desde-la-puerta-de-tu-hotel-6831/?(\?.*)?$","/en/traslado-privado-barcelona-a-oviedo/$1",301,regex
"^/?en/guia-completa-de-barcelona-a-sitges-transporte-privado-para-una-escapada-perfecta-de-un-dia-8383/?(\?.*)?$","/en/transfer-privado-barcelona-a-santiago-de-compostela/$1",301,regex
"^/?en/todo-lo-que-debes-saber-sobre-ruta-por-el-penedes-visita-las-bodegas-con-un-chofer-privado-y-disfruta-sin-preocuparte-por-conducir-2990/?(\?.*)?$","/en/traslado-privado-barcelona-a-palma/$1",301,regex
"^/?en/guia-completa-excursion-a-figueres-en-coche-privado-la-forma-mas-directa-de-llegar-al-museo-dali-5752/?(\?.*)?$","/en/transfer-privado-barcelona-a-andorra-para-spa/$1",301,regex
"^/?en/descubre-ruta-de-los-pueblos-medievales-de-cataluna-tu-itinerario-personalizado-en-vehiculo-privado-4534/?(\?.*)?$","/en/guia-de-traslados-desde-barcelona-a-francia/$1",301,regex
"^/?en/la-mejor-opcion-de-excursiones-de-un-dia-para-grupos-de-hasta-7-personas-todos-juntos-en-un-solo-vehiculo-5779/?(\?.*)?$","/en/traslado-privado-barcelona-a-portugal/$1",301,regex
"^/?en/descubre-mucho-equipaje-cero-problemas-traslados-espaciosos-para-cruceristas-y-familias-3761/?(\?.*)?$","/en/transfer-privado-barcelona-a-narbona/$1",301,regex
"^/?en/la-mejor-opcion-de-recogida-vip-en-el-aeropuerto-del-prat-que-pasa-cuando-tu-chofer-te-espera-con-un-cartel-5880/?(\?.*)?$","/en/traslado-privado-barcelona-a-avignon/$1",301,regex
"^/?en/la-mejor-opcion-de-movilidad-para-congresos-en-barcelona-traslados-directos-del-aeropuerto-a-fira-barcelona-o-tu-hotel-9579/?(\?.*)?$","/en/transfer-privado-barcelona-a-nimes/$1",301,regex
"^/?en/descubre-transporte-ejecutivo-en-barcelona-vehiculos-oscuros-discrecion-y-maxima-puntualidad-1999/?(\?.*)?$","/en/traslado-privado-barcelona-a-lourdes/$1",301,regex
"^/?en/la-mejor-opcion-de-roadshows-financieros-y-de-negocios-optimiza-tus-reuniones-en-barcelona-con-un-chofer-a-disposicion-3489/?(\?.*)?$","/en/transfer-privado-barcelona-a-albi/$1",301,regex
"^/?en/guia-completa-traslados-para-eventos-nocturnos-o-cenas-de-gala-en-barcelona-llega-con-estilo-y-regresa-con-seguridad-1826/?(\?.*)?$","/en/traslado-privado-barcelona-a-montserrat-para-grupos/$1",301,regex
"^/?en/todo-lo-que-debes-saber-sobre-operativa-de-salidas-vip-del-hotel-al-prat-sin-estres-tras-una-intensa-semana-de-negocios-7483/?(\?.*)?$","/en/transfer-privado-barcelona-a-costa-brava/$1",301,regex
"^/?en/guia-completa-escala-de-crucero-en-barcelona-tour-expres-en-coche-privado-desde-el-puerto-y-regreso-a-tiempo-2315/?(\?.*)?$","/en/traslado-privado-barcelona-a-ceret/$1",301,regex
"^/?en/todo-lo-que-debes-saber-sobre-movilidad-segura-y-exclusiva-para-mujeres-ejecutivas-en-barcelona-6121/?(\?.*)?$","/en/transfer-privado-barcelona-a-le-perthus/$1",301,regex
"^/?en/guia-completa-logistica-de-movilidad-para-delegaciones-medicas-preparandonos-para-los-congresos-de-primavera-en-barcelona-9184/?(\?.*)?$","/en/traslado-privado-barcelona-boda/$1",301,regex
"^/?en/descubre-traslados-corporativos-al-ccib-puntualidad-garantizada-para-ponentes-e-invitados-vip-3920/?(\?.*)?$","/en/transfer-privado-barcelona-a-murcia-por-la-autopista-del-mediterraneo/$1",301,regex
"^/?en/descubre-alquiler-de-coche-con-conductor-por-horas-la-solucion-a-la-agenda-impredecible-de-los-congresos-en-barcelona-7141/?(\?.*)?$","/en/traslado-privado-barcelona-a-covadonga/$1",301,regex
"^/?en/la-mejor-opcion-de-gestion-de-equipaje-en-escalas-cortas-haz-tu-tour-por-barcelona-mientras-tus-maletas-van-seguras-en-el-maletero-7703/?(\?.*)?$","/en/transfer-privado-barcelona-a-costa-verde/$1",301,regex
"^/?en/guia-completa-fiestas-de-sant-josep-oriol-transporte-privado-al-barrio-gotico-sin-preocuparte-por-el-aparcamiento-2933/?(\?.*)?$","/en/traslado-privado-barcelona-a-gibraltar/$1",301,regex
"^/?en/la-mejor-opcion-de-movilidad-vip-para-artistas-y-musicos-en-barcelona-discrecion-y-gran-capacidad-de-maletero-para-instrumentos-4906/?(\?.*)?$","/en/transfer-privado-barcelona-a-albarracin/$1",301,regex
"^/?en/la-mejor-opcion-de-reserva-tu-traslado-de-primavera-con-antelacion-evita-las-largas-colas-de-taxis-en-el-prat-7702/?(\?.*)?$","/en/traslado-privado-barcelona-noche/$1",301,regex
"^/?en/taxis-de-lujo-en-barcelona-viaja-con-estilo/?(\?.*)?$","/en/por-que-elegir-un-servicio-de-traslado-privado-en-barcelona/$1",301,regex
"^/?en/taxis-para-grupos-en-barcelona-furgonetas-y-minivans/?(\?.*)?$","/en/guia-de-testimonios-clientes-satisfechos-con-nuestros-servicios-de-traslado-en-barcelona/$1",301,regex
"^/?en/taxi-privado-desde-barcelona-a-la-costa-brava/?(\?.*)?$","/en/los-mejores-servicios-de-traslado-para-grupos-en-barcelona/$1",301,regex
"^/?en/tour-privado-por-barcelona-descubre-la-magia-de-gaudi/?(\?.*)?$","/en/como-aprovechar-al-maximo-tu-traslado-privado-en-barcelona/$1",301,regex
"^/?en/excursion-privada-desde-barcelona-a-montserrat/?(\?.*)?$","/en/las-mejores-aplicaciones-de-transfer-en-barcelona-compara-y-encuentra/$1",301,regex
"^/?en/tour-privado-desde-barcelona-a-girona-y-museo-dali/?(\?.*)?$","/en/como-planificar-un-viaje-perfecto-en-barcelona-guia-completa/$1",301,regex
"^/?en/ruta-de-vinos-y-cava-por-el-penedes-desde-barcelona/?(\?.*)?$","/en/guia-completa-de-transporte-en-barcelona-todo-lo-que-necesitas-saber/$1",301,regex
"^/?en/tour-panoramico-por-barcelona-en-coche-privado/?(\?.*)?$","/en/los-mejores-tours-privados-en-barcelona-guia-para-elegir-el-perfecto/$1",301,regex
"^/?en/excursion-privada-de-barcelona-a-sitges-y-tarragona/?(\?.*)?$","/en/las-mejores-rutas-escenicas-desde-barcelona-descubre-cataluna-en-coche/$1",301,regex
"^/?en/tour-de-compras-vip-en-barcelona-la-roca-village/?(\?.*)?$","/en/como-elegir-el-mejor-servicio-de-traslado-para-eventos-especiales-en-barcelona/$1",301,regex
"^/?en/ruta-de-juego-de-tronos-tour-desde-barcelona-a-girona/?(\?.*)?$","/en/guia-completa-de-traslados-desde-el-aeropuerto-de-barcelona/$1",301,regex
"^/?en/tour-privado-por-los-pueblos-medievales-de-cataluna-desde-barcelona/?(\?.*)?$","/en/10-consejos-para-elegir-el-mejor-servicio-de-traslado-en-barcelona/$1",301,regex
"^/?en/recuperar-el-iva-en-el-aeropuerto/?(\?.*)?$","/en/beneficios-de-usar-un-servicio-de-traslado-privado-en-barcelona/$1",301,regex
"^/?en/movilidad-vip-para-artistas-y-musicos-en-barcelona-discrecion-y-gran-capacidad-de-maletero-para-instrumentos/?(\?.*)?$","/en/experiencias-unicas-tours-tematicos-en-barcelona/$1",301,regex
"^/?en/barcelona-seniors-comodidad-accesibilidad-vehiculos/?(\?.*)?$","/en/diferencias-entre-servicios-de-traslado-taxi-vs-transfer-privado-en-barcelona/$1",301,regex
